Year,GENRE,AVG. Hidden Gem Score,AVG. IMDB Score,AVG. Metacritic Score,AVG. Rotten Tomatoes Score
1928,COMEDY,4.5,8.1,9,9.6
1928,ROMANCE,4.5,8.1,9,9.6
1930,COMEDY,4.1,7.5,7.7,9.6
1930,MUSIC,4.1,7.5,7.7,9.6
1931,COMEDY,4.7,8.5,9.9,9.8
1931,DRAMA,4.7,8.5,9.9,9.8
1931,ROMANCE,4.7,8.5,9.9,9.8
1936,ROMANCE,4.7,8.5,9.6,10
1936,FAMILY,4.7,8.5,9.6,10
1936,DRAMA,4.7,8.5,9.6,10
1936,COMEDY,4.7,8.5,9.6,10
1939,ADVENTURE,4.5,8,9.2,9.8
1939,FAMILY,4.5,8,9.2,9.8
1939,FANTASY,4.5,8,9.2,9.8
1939,MUSIC,4.5,8,9.2,9.8
1940,COMEDY,4.1,7.4,9.9,7.3
1940,DRAMA,4.5,8.1,9.15,9.55
1940,ROMANCE,4.5,8.1,9.15,9.55
1940,FANTASY,4.1,7.4,9.9,7.3
1940,HISTORY,4.5,8.1,9.7,9.1
1940,FAMILY,4.1,7.4,9.9,7.3
1940,WAR,4.5,8.1,9.7,9.1
1940,MYSTERY,4.5,8.1,8.6,10
1940,MUSIC,4.1,7.4,9.9,7.3
1940,THRILLER,4.5,8.1,8.6,10
1943,FAMILY,6.6,7.1,7.8,9.4
1943,ADVENTURE,6.6,7.1,7.8,9.4
1943,DRAMA,6.6,7.1,7.8,9.4
1951,CRIME,4.6,8.2,9.8,9.8
1951,MYSTERY,4.6,8.2,9.8,9.8
1951,DRAMA,4.6,8.2,9.8,9.8
1952,THRILLER,4.4,7.9,8.9,9.7
1952,DRAMA,4.4,7.9,8.9,9.7
1952,WESTERN,4.4,7.9,8.9,9.7
1953,COMEDY,4.2,8,7.8,9.7
1953,ROMANCE,4.2,8,7.8,9.7
1954,MUSIC,3.5,7.6,5.6,7.7
1954,ROMANCE,3.5,7.6,5.6,7.7
1954,COMEDY,3.5,7.6,5.6,7.7
1960,THRILLER,4.6,8.5,9.7,9.6
1960,MYSTERY,4.6,8.5,9.7,9.6
1960,HORROR,4.6,8.5,9.7,9.6
1961,COMEDY,4,7.6,7.6,8.9
1961,DRAMA,4,7.6,7.6,8.9
1961,ROMANCE,4,7.6,7.6,8.9
1962,HISTORY,4.7,8.3,10,9.7
1962,ROMANCE,4.5,7.8,9.7,9.3
1962,BIOGRAPHY,4.7,8.3,10,9.7
1962,DRAMA,4.6,8.05,9.85,9.5
1962,ADVENTURE,4.7,8.3,10,9.7
1962,WAR,4.7,8.3,10,9.7
1963,ADVENTURE,4.4,8.2,8.6,9.4
1963,ROMANCE,7.4,7.3,7.6,8.6
1963,HISTORY,4.4,8.2,8.6,9.4
1963,THRILLER,4.4,8.2,8.6,9.4
1963,WAR,4.4,8.2,8.6,9.4
1963,DRAMA,5.9,7.75,8.1,9
1964,ROMANCE,5,7.65,8.2,9.4
1964,DRAMA,5,7.65,8.2,9.4
1964,MUSIC,4.4,7.8,8.6,9.9
1965,DRAMA,3.9,8,6.9,8.4
1965,COMEDY,3.6,7.3,7.1,7.4
1965,ROMANCE,3.75,7.65,7,7.9
1965,SPORT,3.6,7.3,7.1,7.4
1965,ACTION,3.6,7.3,7.1,7.4
1965,FAMILY,3.6,7.3,7.1,7.4
1965,WAR,3.9,8,6.9,8.4
1965,ADVENTURE,3.6,7.3,7.1,7.4
1965,WESTERN,3.6,7.3,7.1,7.4
1966,ADVENTURE,3.9,7.3,7.5,8.8
1966,DRAMA,3.9,7.7,7.2,8.3
1966,BIOGRAPHY,3.9,7.7,7.2,8.3
1966,WESTERN,3.9,7.3,7.5,8.8
1966,HISTORY,3.9,7.7,7.2,8.3
1966,ACTION,3.9,7.3,7.5,8.8
1967,BIOGRAPHY,4.2,7.8,8.6,8.8
1967,ADVENTURE,3.8,7.7,7.3,7.9
1967,CRIME,4.35,7.95,8.9,9.4
1967,DRAMA,4.28,8,8.22,9.4
1967,ACTION,4.03,7.83,7.47,8.83
1967,WESTERN,4.35,8.4,7.75,9.75
1967,THRILLER,4.3,8.1,8.6,9
1967,WAR,3.8,7.7,7.3,7.9
1968,ROMANCE,4.3,7.4,8.9,9.3
1968,HORROR,4.5,8,9.6,9.6
1968,SCI_FI,4.3,8.3,8.4,9.2
1968,DRAMA,4.4,7.7,9.25,9.45
1968,DOCUMENTARY,8.8,7.3,7.8,9.6
1968,COMEDY,4.3,7.4,8.9,9.3
1968,BIOGRAPHY,4.3,7.4,8.9,9.3
1968,CRIME,4.2,7.4,8.1,9.7
1968,ADVENTURE,4.3,8.3,8.4,9.2
1968,MUSIC,4.3,7.4,8.9,9.3
1968,ACTION,4.2,7.4,8.1,9.7
1968,THRILLER,4.2,7.4,8.1,9.7
1969,WESTERN,4.3,8.5,8,9.5
1969,ADVENTURE,4,7.3,8.5,8.3
1969,DRAMA,4,7.3,8.5,8.3
1970,MUSIC,6.6,7,7,8.9
1970,FANTASY,3.9,5.15,4.65,5.3
1970,ADVENTURE,1.2,3.3,2.3,1.7
1970,DRAMA,5.15,6.95,7.7,7.8
1970,COMEDY,1.2,3.3,2.3,1.7
1970,ROMANCE,5.15,6.95,7.7,7.8
1971,FAMILY,3.85,7.9,6.7,8.65
1971,FANTASY,3.9,7.8,6.7,9
1971,MUSIC,3.85,7.9,6.7,8.65
1971,ACTION,4.3,7.7,9,8.9
1971,THRILLER,4.05,7.2,8.25,8.75
1971,CRIME,4.3,7.7,9,8.9
1971,DRAMA,3.8,7.35,7.1,8.45
1971,ROMANCE,3.8,8,6.7,8.3
1971,SCI_FI,3.8,6.7,7.5,8.6
1972,MYSTERY,5.8,6.9,6.5,8.3
1972,THRILLER,4.95,7.3,7.25,8.6
1972,COMEDY,3.7,6.8,6.6,8.8
1972,CRIME,4.45,8.75,8.85,9.2
1972,SCI_FI,4.1,8.3,7.7,8.6
1972,HORROR,5.8,6.9,6.5,8.3
1972,ADVENTURE,4.1,7.7,8,8.9
1972,DRAMA,4.7,8.03,8.05,8.9
1973,WESTERN,3.5,7.3,5.3,8.6
1973,ACTION,4.2,7.7,8.3,9.4
1973,THRILLER,4.2,7.7,8.3,9.4
1973,HORROR,4.1,8,8.1,8.3
1973,SCI_FI,4.2,7.2,7.7,10
1973,DRAMA,3.88,7.4,7.16,8.74
1973,CRIME,4.2,7.7,8.3,9.4
1973,COMEDY,4.35,7.3,8.7,9.8
1973,BIOGRAPHY,3.5,7.3,5.3,8.6
1974,SPORT,3.5,7.1,6.1,7.9
1974,ACTION,3.3,7,6,6.85
1974,THRILLER,3.37,7.07,6.17,6.93
1974,MYSTERY,3.65,7.25,6.4,8.05
1974,HORROR,3.75,7.35,7.15,8
1974,DRAMA,3.7,7.48,6.68,8.08
1974,CRIME,3.75,7.6,6.63,8.38
1974,COMEDY,3.5,7.1,6.1,7.9
1975,FANTASY,4.5,8.2,9.1,9.7
1975,THRILLER,4.4,8,8.65,9.7
1975,CRIME,4.4,8,8.6,9.6
1975,WAR,4.4,7.7,8.9,10
1975,COMEDY,4.45,7.95,9,9.85
1975,ADVENTURE,4.45,8.1,8.9,9.75
1975,BIOGRAPHY,4.4,8,8.6,9.6
1975,DRAMA,4.4,8,8.6,9.6
1976,MUSIC,2.6,6.2,5.9,3.6
1976,SPORT,4.1,8.1,7,9.4
1976,SCI_FI,3.4,6.4,5.8,8.5
1976,THRILLER,3.6,7.4,6.4,8.1
1976,CRIME,4.05,7.8,7.9,8.85
1976,DRAMA,3.73,7.5,7.43,7.53
1976,HORROR,3.4,6.4,5.8,8.5
1976,ROMANCE,2.6,6.2,5.9,3.6
1977,HISTORY,3.4,7.4,6.3,6.4
1977,MUSIC,3.8,6.8,7.7,8.2
1977,WAR,3.4,7.4,6.3,6.4
1977,DRAMA,3.83,7.27,7.67,8
1977,COMEDY,3.3,7,5,8
1977,ACTION,3.3,7,5,8
1977,HORROR,4.1,7.4,7.9,9.3
1977,SCI_FI,4.3,7.6,9,9.4
1978,ACTION,4.1,7.3,8,9.4
1978,FANTASY,4.2,7.4,8.7,9
1978,MUSIC,3.6,7.2,7,7.5
1978,HORROR,3.77,6.97,7.5,8.13
1978,SCI_FI,4.1,7.3,8,9.4
1978,THRILLER,3.67,7.03,6.57,8.33
1978,DRAMA,4.67,7.03,6.17,8.33
1978,ROMANCE,3.6,7.2,7,7.5
1978,BIOGRAPHY,3.9,7.6,5.9,9.6
1978,COMEDY,6,6.2,4.6,6
1978,CRIME,3.9,7.6,5.9,9.6
1978,ADVENTURE,3.45,6.55,6.55,7.6
1979,SCI_FI,4.5,8.4,8.9,9.8
1979,ACTION,3.9,7.6,6.5,9
1979,THRILLER,3.9,7.6,6.5,9
1979,FANTASY,4,7.7,7.1,9.5
1979,MYSTERY,4.6,8.4,9.4,9.8
1979,FAMILY,4,7.7,7.1,9.5
1979,WAR,4.6,8.4,9.4,9.8
1979,COMEDY,4.2,8.1,7.7,9.5
1979,ADVENTURE,4,7.7,7.1,9.5
1979,SPORT,3.4,7.3,6.1,7.1
1979,DRAMA,4.03,7.83,7.73,8.57
1979,CRIME,3.9,7.6,6.5,9
1979,HORROR,4.5,8.4,8.9,9.8
1980,MUSIC,3.5,7.25,5.9,7.85
1980,FANTASY,2.7,7.2,2.9,6.1
1980,THRILLER,3.2,6.7,4.75,7.7
1980,SCI_FI,3.85,6.3,6.1,7.25
1980,ROMANCE,2.15,6.5,3,3.45
1980,ACTION,3.7,7.4,6.65,8.15
1980,MYSTERY,2.5,6.5,2.2,6.4
1980,ADVENTURE,3,6.87,5.47,5.7
1980,HORROR,3.4,6.87,4.57,6.77
1980,CRIME,3.35,7.35,5.8,7
1980,COMEDY,3.63,7.47,6.47,7.9
1980,BIOGRAPHY,4.2,8.1,7.8,9.2
1980,DRAMA,3.35,7.3,5.8,6.97
1981,MYSTERY,1.9,6.1,2.6,2.8
1981,THRILLER,1.9,6.1,2.6,2.8
1981,SCI_FI,3,6.7,5.1,6
1981,HORROR,1.9,6.1,2.6,2.8
1981,FANTASY,3.15,6.8,5.5,6.4
1981,FAMILY,3.3,6.9,5.9,6.8
1981,ACTION,3.85,7.65,7.2,8.15
1981,WAR,3.7,6.9,6.8,8.6
1981,COMEDY,3.7,6.9,6.8,8.6
1981,ADVENTURE,3.57,7.33,6.5,7.43
1982,DRAMA,3.43,6.86,6.34,7.24
1982,SPORT,3.1,6.8,5.7,6.3
1982,ACTION,3.95,7.6,7.35,8.7
1982,THRILLER,4.13,7.83,7.77,9.07
1982,SCI_FI,4.25,7.9,8.4,9.28
1982,ADVENTURE,4.37,8.07,8.3,9.63
1982,ROMANCE,2.95,5.7,6.35,5.8
1982,COMEDY,2.95,6.05,5.1,6.58
1982,WAR,4.5,8.3,8.6,9.8
1982,CRIME,3.3,6.6,4.9,7.5
1982,MUSIC,2.45,5.5,4.55,4.7
1982,FAMILY,3.6,7.2,6.5,7.75
1983,ADVENTURE,3.7,7.4,5.5,9.3
1983,HORROR,3,6.7,4.6,6.65
1983,DRAMA,3.06,6.84,5.36,6.04
1983,CRIME,3.4,7.13,6.1,7.2
1983,COMEDY,3.7,7.4,5.5,9.3
1983,HISTORY,4.1,8,7.9,8.5
1983,ROMANCE,2.4,6.17,4.33,3.8
1983,ACTION,3.2,6.55,5.9,6.7
1983,THRILLER,3.2,6.6,5.83,6.77
1983,SCI_FI,3.5,6.4,6.6,7.8
1983,BIOGRAPHY,4.1,8,7.9,8.5
1983,MUSIC,1.75,5.45,3.1,1.8
1984,ADVENTURE,3.08,6.85,4.6,7.13
1984,CRIME,3.57,6.7,6.33,8.37
1984,THRILLER,3.57,6.7,6.33,8.37
1984,SPORT,3.65,7.4,6.05,8.55
1984,ROMANCE,3,6.25,4.85,7
1984,SCI_FI,3.63,7.07,6.4,8.2
1984,HORROR,3.8,7.3,7,8.5
1984,COMEDY,3.7,7.2,6.6,8.36
1984,DRAMA,3.32,6.94,5.28,7.82
1984,FANTASY,3.73,7.5,6.23,8.73
1984,ACTION,3.53,7.04,5.96,8.17
1984,MUSIC,3.2,6.6,5.5,7
1984,FAMILY,3.5,7.35,5.3,8.45
1985,HORROR,2.6,5.95,3.9,5.55
1985,ROMANCE,3.1,6.77,6.08,5.77
1985,ADVENTURE,3.55,7.38,6.22,7.67
1985,COMEDY,3.41,7.12,6.19,7.13
1985,BIOGRAPHY,3.4,7.2,6.9,6.2
1985,CRIME,3.17,6.9,5.7,6.43
1985,ACTION,2.95,6.72,5.33,5.7
1985,THRILLER,2.7,6.35,4.35,5.38
1985,SCI_FI,4.5,8.5,8.7,9.6
1985,SPORT,2.5,6.9,4,4
1985,DRAMA,3.1,7.05,5.3,6.18
1985,WESTERN,3.65,7.25,6.25,8.45
1985,MYSTERY,2.5,5.85,4.2,4.8
1985,FAMILY,3.5,7.4,5.45,8.15
1985,FANTASY,3.8,7.1,6.2,9.2
1986,CRIME,2.85,6.65,5.15,5.35
1986,HORROR,2.8,5.8,4.75,3.45
1986,DRAMA,3.74,7.44,6.79,8.16
1986,COMEDY,3.07,6.61,5.34,6.44
1986,ADVENTURE,3.47,7.28,6.02,7.48
1986,FANTASY,2.9,6.9,4.67,5.77
1986,MUSIC,3.3,7.25,5.25,7.35
1986,FAMILY,3,6.75,5.25,5.85
1986,THRILLER,3.08,6.9,5.65,6
1986,MYSTERY,2.65,6.55,4.6,4.9
1986,SPORT,2.7,6.1,5.5,4.5
1986,ROMANCE,3.46,6.92,6.24,7.58
1986,SCI_FI,3.33,6.63,5.97,5.53
1986,ACTION,2.99,6.72,5.37,5.87
1987,ADVENTURE,2.97,6.53,5.17,6.03
1987,WAR,4.13,7.7,7.73,9.33
1987,SCI_FI,2.97,6.53,5.17,6.03
1987,ROMANCE,3.27,6.7,5.8,7.1
1987,THRILLER,3.53,7.23,6.18,7.78
1987,DRAMA,3.88,7.41,7.18,8.63
1987,BIOGRAPHY,3.8,6.9,6.5,9.1
1987,CRIME,3.48,7.35,6.28,7.22
1987,COMEDY,3.4,7.02,5.93,7.48
1987,DOCUMENTARY,3.5,7.7,5.4,8.1
1987,FANTASY,4.3,8.1,8.6,8.9
1987,ACTION,2.98,6.46,4.98,6.38
1987,MUSIC,3.6,6.95,6.5,7.95
1987,HORROR,3.2,7,5.65,6.7
1988,COMEDY,3.51,6.78,6.19,7.18
1988,BIOGRAPHY,2.3,6.8,2.9,4
1988,CRIME,3.52,6.92,6.58,7.74
1988,THRILLER,3.04,6.63,5.31,6.49
1988,FANTASY,3.8,7.5,7,8.5
1988,MUSIC,4.5,6,5.2,5.6
1988,ACTION,3.11,6.81,5.64,6.33
1988,SPORT,2.3,6.8,2.9,4
1988,ROMANCE,3.2,6.65,5.35,7.1
1988,MYSTERY,2.7,6.3,4.6,5.5
1988,ADVENTURE,1.8,5.7,4.1,1
1988,HORROR,2.2,5.8,3,4.53
1988,SCI_FI,3,6.2,4.3,7.5
1988,DRAMA,3.64,6.94,5.82,7
1989,FANTASY,2.95,6.88,5.02,5.88
1989,MUSIC,2.7,6.8,5,4.4
1989,FAMILY,2.67,6.53,4.77,4.87
1989,HORROR,2.47,6,4.07,4.73
1989,DRAMA,3.19,6.89,5.65,6.63
1989,MYSTERY,3.65,7.15,6.4,8.25
1989,CRIME,2.58,6.53,5.15,3.72
1989,COMEDY,3.01,7.05,5.35,5.63
1989,THRILLER,2.69,6.47,4.64,5.04
1989,ACTION,2.63,6.62,4.63,4.63
1989,ROMANCE,3.7,7.15,6.88,8.05
1989,SCI_FI,3.37,7.3,5.83,6.93
1989,ADVENTURE,3.16,7.12,5.34,6.44
1989,SPORT,2.55,6.45,3.8,5.25
1990,FAMILY,3.1,6.85,6.05,5.68
1990,ACTION,2.82,6.67,5.05,5.28
1990,MYSTERY,2.85,6.4,5.05,5.7
1990,WAR,4.2,7.8,7.8,9.3
1990,FANTASY,3.77,7.15,7.13,8.3
1990,HISTORY,4.2,7.8,7.8,9.3
1990,SCI_FI,3,7,5.22,5.82
1990,ROMANCE,3.62,7.42,6.68,7.6
1990,THRILLER,3.15,6.95,5.22,6.7
1990,HORROR,3.2,6.63,6.17,6.53
1990,DRAMA,3.38,7.15,6.39,6.76
1990,BIOGRAPHY,4.35,8.25,8.4,9.45
1990,ADVENTURE,3.45,7.27,6.08,7.4
1990,WESTERN,3.47,7.43,5.93,7.4
1990,COMEDY,2.74,6.49,4.92,5.05
1990,CRIME,3.4,7.2,6.39,6.83
1990,SPORT,2.45,5.7,5.75,3.45
1991,MYSTERY,3,6.7,3.8,7.4
1991,THRILLER,3.28,7.12,5.8,6.74
1991,FANTASY,3.42,7.1,6.33,7.07
1991,ACTION,3.33,7.21,5.61,7.22
1991,FAMILY,3.02,6.95,5.78,5.33
1991,CRIME,3.64,7.26,6.61,7.91
1991,BIOGRAPHY,3.95,7.3,7.7,8.65
1991,DRAMA,3.4,7.05,6.29,7.01
1991,COMEDY,2.92,6.67,5.22,5.54
1991,ROMANCE,2.75,6.48,5.02,5
1991,SCI_FI,3.84,7.92,6.96,8.2
1991,ADVENTURE,2.44,6.38,4.4,3.84
1992,MYSTERY,3.1,7.13,5.03,6.57
1992,ACTION,3.6,6.5,5.56,5.2
1992,ROMANCE,2.3,5.9,4.2,3.8
1992,MUSIC,2.85,6.65,4.8,5.85
1992,WESTERN,4.4,8.2,8.5,9.6
1992,FANTASY,2.7,5.95,5.15,5.1
1992,SPORT,5.05,6.6,6.1,6.3
1992,THRILLER,3.04,6.9,5.58,5.9
1992,HORROR,2.4,6.1,4,4.3
1992,COMEDY,3.38,6.8,5.96,7.42
1992,DRAMA,3.57,6.95,5.93,6.55
1992,CRIME,3.5,7.18,6.56,7.28
1993,FANTASY,2.69,6.03,4.91,5.24
1993,MUSIC,3.3,6.93,6.3,6.6
1993,HORROR,1.4,4.8,1.7,2.1
1993,SCI_FI,2.52,5.8,4.52,4.66
1993,ROMANCE,3.46,7.01,6.6,7.13
1993,MYSTERY,3.7,7.28,7,8.05
1993,SPORT,4.05,7.45,8,8.9
1993,THRILLER,3.46,7.27,6.01,7.52
1993,ACTION,3.26,6.86,5.94,6.83
1993,FAMILY,2.4,5.37,5.05,3.87
1993,BIOGRAPHY,3.87,7.3,7.63,8.4
1993,DRAMA,3.67,7.21,6.93,7.89
1993,CRIME,3.73,7.5,6.67,8.23
1993,ADVENTURE,2.67,6.02,5.17,4.77
1993,COMEDY,2.48,5.82,4.75,4.3
1994,FANTASY,2.95,6.4,5.68,5.67
1994,THRILLER,2.81,6.49,5.31,5.13
1994,WESTERN,2.7,6.7,4.7,4.6
1994,SPORT,1.5,4.5,3.6,0.7
1994,ACTION,2.63,6.32,4.97,4.54
1994,ROMANCE,3.63,7.05,7.41,7.31
1994,HISTORY,4.7,8.9,9.4,9.7
1994,DRAMA,3.71,7.44,7.29,7.47
1994,SCI_FI,2.8,6.6,5.5,4.7
1994,MYSTERY,3.35,6.9,6.75,6.5
1994,CRIME,3.29,7.18,6.23,6.37
1994,COMEDY,2.97,6.58,5.52,5.78
1994,FAMILY,1.8,4.93,4.1,1.7
1994,BIOGRAPHY,3.7,7.8,7.05,7.15
1994,ADVENTURE,2.72,6.34,5.36,4.64
1995,WESTERN,2.9,6.4,4.9,5.9
1995,MYSTERY,3.05,7.1,5.38,5.88
1995,ROMANCE,2.89,6.61,5.52,5.14
1995,HORROR,2.5,5.8,4.9,4.3
1995,ADVENTURE,2.66,6.36,4.97,4.63
1995,COMEDY,2.86,6.64,5.24,5.32
1995,DRAMA,3.53,7.13,6.79,7.27
1995,CRIME,3.2,7.4,5.81,6.06
1995,ACTION,2.67,6.27,5.09,4.68
1995,THRILLER,3.07,6.94,5.67,5.85
1995,SCI_FI,2.38,5.77,4.63,3.92
1995,HISTORY,4,7.95,7.25,8.7
1995,FAMILY,3.12,6.64,5.85,6.22
1995,WAR,3.8,8.3,6.8,7.8
1995,FANTASY,3.25,6.65,6.07,6.77
1995,BIOGRAPHY,3.8,8.3,6.8,7.8
1996,HORROR,3,6.75,5.35,5.95
1996,DRAMA,3.21,6.77,5.99,6.52
1996,COMEDY,2.91,6.29,5.37,5.78
1996,CRIME,2.99,6.64,5.29,6
1996,ACTION,3.15,6.52,5.89,6.42
1996,THRILLER,3.08,6.62,5.77,6.1
1996,ROMANCE,3.68,6.88,6.94,8.32
1996,SPORT,2.75,6.75,4.5,5.25
1996,SCI_FI,3.21,6.5,6.1,6.63
1996,ADVENTURE,3.04,6.54,5.9,5.82
1996,MYSTERY,3.52,7.34,5.94,7.92
1996,FAMILY,3.23,6.65,6.22,6.47
1996,FANTASY,2.94,6.52,5.32,5.86
1996,MUSIC,4.1,7.9,7.5,9.4
1997,BIOGRAPHY,3.6,7.23,6.93,7.53
1997,COMEDY,2.96,6.46,5.26,5.6
1997,CRIME,2.68,6.28,5.2,4.64
1997,ADVENTURE,3.02,6.71,5.29,6.23
1997,HORROR,2.28,5.74,4.42,3.58
1997,DRAMA,3.32,7.02,6.15,6.86
1997,ROMANCE,3.13,6.42,5.52,6.25
1997,SCI_FI,3.2,7.15,5.6,6.53
1997,THRILLER,2.7,6.55,4.84,4.88
1997,FANTASY,3.9,7.8,6.85,8.95
1997,ACTION,2.61,6.31,4.77,4.68
1997,HISTORY,3.1,7.1,5.5,6
1997,MUSIC,3.6,7.2,6.53,8.07
1997,FAMILY,2.83,6.47,5.13,5.4
1997,WAR,3.1,7.1,5.5,6
1997,MYSTERY,3.08,6.94,5.48,6.2
1998,DRAMA,3.16,6.97,5.8,6.18
1998,ROMANCE,3.17,6.88,5.8,6.37
1998,ADVENTURE,2.76,6.32,4.88,5.4
1998,HORROR,2.12,5.68,3.78,3.32
1998,WESTERN,3.5,6.7,6.3,8.2
1998,CRIME,2.92,6.85,5.21,5.43
1998,WAR,4.5,8.6,9.1,9.3
1998,COMEDY,3.04,6.87,5.57,5.82
1998,MYSTERY,2.52,6.25,4.6,4.2
1998,MUSIC,2.92,6.8,5.35,5.4
1998,FANTASY,2.63,6.47,4.85,4.38
1998,FAMILY,2.75,6.25,5.2,4.95
1998,SCI_FI,2.29,5.88,4.19,3.63
1998,ACTION,2.43,6.21,4.44,3.97
1998,THRILLER,2.55,6.24,4.64,4.39
1999,WAR,3.9,7.6,7.8,8
1999,FAMILY,3.63,6.08,5.58,6.6
1999,BIOGRAPHY,4,7.8,7.1,9.1
1999,ADVENTURE,3.19,6.56,5.67,5.95
1999,COMEDY,3.13,6.47,5.71,5.74
1999,HORROR,3.13,6.45,6.37,5.97
1999,DRAMA,3.06,6.96,5.76,5.65
1999,CRIME,2.55,6.41,4.82,4.12
1999,SCI_FI,2.77,6.38,5.06,5.15
1999,ACTION,2.92,6.63,5.51,5.44
1999,THRILLER,2.58,6.41,4.86,4.15
1999,ROMANCE,2.52,6.13,4.63,4.37
1999,MUSIC,5.3,6.75,6.6,7.85
1999,WESTERN,1.8,5,3.8,1.7
1999,SPORT,2.75,6.75,4.75,4.9
1999,MYSTERY,2.85,6.72,5.36,4.96
1999,FANTASY,3.26,6.66,5.65,6
2000,BIOGRAPHY,3.52,7.35,6.32,6.53
2000,COMEDY,3.11,6.35,5.12,5.33
2000,DOCUMENTARY,4.6,7.6,7.3,8.2
2000,DRAMA,3.6,7.13,5.9,6.32
2000,WAR,4.17,7.3,6.3,7.65
2000,CRIME,2.94,6.66,4.85,4.6
2000,ADVENTURE,2.81,6.41,5.21,5.27
2000,FAMILY,3.23,6.5,6.1,6.77
2000,MUSIC,3.37,7.47,6.23,6.53
2000,HISTORY,3.3,7.2,6.3,6.2
2000,FANTASY,2.68,6.48,4.66,5.14
2000,SCI_FI,2.4,5.5,4.52,4.34
2000,ROMANCE,2.75,6.22,5.08,5.22
2000,THRILLER,2.84,6.59,4.75,4.71
2000,SPORT,4.25,6.65,5.13,6.05
2000,ACTION,2.92,6.49,5.01,4.98
2000,HORROR,2.63,6.63,4.22,5
2000,MYSTERY,2.6,6.4,4.8,4.37
2001,FAMILY,4.24,6.4,6.03,7.4
2001,WAR,3.48,7.18,5.3,5.15
2001,FANTASY,3.46,6.88,6.07,6.39
2001,MUSIC,3.73,7.4,6.8,8.3
2001,BIOGRAPHY,3.1,6.92,5.63,6
2001,COMEDY,3.39,6.5,5.19,5.75
2001,HORROR,3.12,6.82,5.64,6.24
2001,ROMANCE,3.55,6.93,5.78,6.46
2001,DRAMA,3.72,7.01,5.95,6.38
2001,CRIME,2.97,6.88,5.47,5.58
2001,SPORT,3.7,7.23,7.13,7.7
2001,ACTION,3.18,6.65,5.83,6.04
2001,THRILLER,3.04,6.87,5.64,5.77
2001,SCI_FI,2.99,6.21,5.64,6.16
2001,HISTORY,3.5,7.7,6.2,7.1
2001,ADVENTURE,3.46,6.87,6.68,7.21
2001,MYSTERY,3.33,7.21,6.21,6.5
2002,BIOGRAPHY,4.07,8.13,7.4,8.87
2002,FAMILY,2.95,6.08,5.31,6.46
2002,DOCUMENTARY,3.35,7.15,5.9,7.05
2002,WAR,3.3,7.1,6.13,6.63
2002,FANTASY,3.09,6.46,5.69,6.51
2002,MUSIC,2.93,6.53,5.47,5.53
2002,HISTORY,3.55,7.45,6.95,6.95
2002,SPORT,3.02,6.22,6.05,5.83
2002,MYSTERY,3.24,7.01,5.89,6.64
2002,DRAMA,3.6,7.03,5.94,6.38
2002,HORROR,2.29,5.95,3.93,3.89
2002,COMEDY,2.69,5.99,4.59,4.83
2002,ROMANCE,3.15,6.31,4.92,4.97
2002,SCI_FI,2.69,6.19,5.01,4.94
2002,THRILLER,2.97,6.48,4.9,5.23
2002,ACTION,3.01,6.42,5.2,5.4
2002,ADVENTURE,2.93,6.31,5.44,5.94
2002,WESTERN,3.2,7.2,5.2,7
2002,CRIME,3.11,6.79,5.55,5.9
2003,ACTION,2.78,6.33,5.06,4.76
2003,MUSIC,5.13,7.75,7.47,8.47
2003,FANTASY,2.82,6.56,5.44,4.99
2003,DOCUMENTARY,6.9,7.15,7,8
2003,MYSTERY,3.35,7.19,6.67,6.19
2003,WAR,4.45,7.53,7,7.15
2003,HISTORY,5.5,7.43,7.7,8.43
2003,FAMILY,2.66,5.8,5.01,5.24
2003,CRIME,2.79,6.37,5.15,5.24
2003,BIOGRAPHY,3.63,7.43,7.1,7.23
2003,DRAMA,3.98,7.08,6.34,6.75
2003,COMEDY,2.86,6.13,5.04,5.09
2003,ROMANCE,3.68,6.78,5.77,6.21
2003,SCI_FI,2.93,6.34,5.38,5.31
2003,HORROR,2.4,6.14,4.19,4.13
2003,THRILLER,2.81,6.57,5.11,4.88
2003,ADVENTURE,3.02,6.12,5.49,5.56
2004,FANTASY,2.74,6.16,5.26,5.02
2004,ACTION,3.05,6.4,5.36,5.18
2004,HISTORY,2.58,6.5,5.05,4.18
2004,SCI_FI,2.75,6.57,5.2,4.81
2004,WESTERN,2.3,5.9,4.9,3.2
2004,FAMILY,2.6,6.25,4.95,4.38
2004,MYSTERY,2.75,6.46,5.25,4.75
2004,MUSIC,3.07,7.17,5.8,5.6
2004,THRILLER,3.08,6.49,5.23,4.96
2004,HORROR,2.38,5.83,4.54,3.99
2004,DRAMA,3.65,7.09,6.13,6.46
2004,ROMANCE,3.15,6.75,5.4,5.41
2004,SPORT,3.4,6.92,6.3,7.38
2004,ADVENTURE,2.86,6.51,5.42,5.31
2004,CRIME,2.87,6.28,5.22,4.76
2004,COMEDY,2.88,6.29,5.05,4.71
2004,WAR,1.8,5.6,3.9,1.6
2004,BIOGRAPHY,3.29,6.99,6.46,6.43
2005,SPORT,3,6.9,5.78,5.34
2005,HISTORY,3.85,7.72,7.6,7.82
2005,ACTION,2.88,6.4,5.62,5.23
2005,THRILLER,3.07,6.51,5.96,5.63
2005,ROMANCE,3.21,6.55,5.82,5.85
2005,SCI_FI,2.67,5.89,5.41,4.7
2005,DOCUMENTARY,5.75,7.45,8.05,8.8
2005,FANTASY,2.95,6.17,5.74,5.71
2005,MUSIC,4.14,6.84,6.92,6.98
2005,MYSTERY,2.78,6.37,5.51,4.78
2005,BIOGRAPHY,3.69,7.43,7.17,7.54
2005,COMEDY,2.64,6.02,5.08,4.71
2005,DRAMA,3.6,7.01,6.65,6.69
2005,CRIME,3.12,6.68,5.89,5.59
2005,ADVENTURE,2.96,6.34,5.87,5.5
2005,HORROR,2.48,6.01,4.64,3.65
2005,WAR,3.28,7.3,6.48,5.98
2005,FAMILY,2.77,5.92,5.48,5.15
2006,SCI_FI,2.61,6.27,4.83,4.66
2006,THRILLER,2.98,6.62,5.63,5.17
2006,SPORT,2.76,6.66,5.17,4.71
2006,ROMANCE,2.81,6.43,5.63,4.8
2006,MUSIC,3.1,6.55,6.4,5.67
2006,HISTORY,3.35,6.73,6.9,6.53
2006,FANTASY,2.56,6.2,4.87,4.27
2006,ACTION,2.9,6.5,5.56,5.25
2006,HORROR,1.87,5.59,3.48,2.16
2006,MYSTERY,2.78,6.6,5.23,4.81
2006,ADVENTURE,2.82,6.28,5.49,5.18
2006,BIOGRAPHY,3.17,7.03,6.26,5.81
2006,DOCUMENTARY,5.1,7.07,6.77,7.33
2006,DRAMA,3.5,7.08,6.42,6.3
2006,CRIME,3.22,6.72,5.96,5.82
2006,COMEDY,2.77,6.25,5.27,4.88
2006,WAR,3.7,7.1,7.9,7.3
2006,FAMILY,2.71,5.94,5.41,4.93
2007,ROMANCE,3.14,6.41,5.49,5.08
2007,SPORT,3.1,6.57,5.7,6.27
2007,SCI_FI,3.11,6.68,6.12,5.95
2007,HORROR,3.12,6.62,6.03,6.09
2007,DRAMA,3.42,7.12,6.44,6.54
2007,WESTERN,3.85,7.6,7.2,8.25
2007,ADVENTURE,2.77,6.39,5.34,4.88
2007,MUSIC,2.9,6.2,5.7,5.56
2007,THRILLER,3.07,6.85,5.68,5.53
2007,MYSTERY,3.31,7.15,6.29,6.42
2007,HISTORY,3.56,7.33,6.69,7.29
2007,ACTION,2.99,6.73,5.69,5.52
2007,FANTASY,2.59,6.18,5.11,4.28
2007,FAMILY,2.38,5.68,4.71,3.91
2007,CRIME,3.18,7.04,5.7,5.64
2007,BIOGRAPHY,3.8,7.38,6.72,7.46
2007,DOCUMENTARY,8.8,7.5,6.9,9.5
2007,COMEDY,2.65,6.02,5.02,4.34
2007,WAR,3.16,6.91,6.09,5.84
2008,ACTION,2.92,6.59,5.4,5.58
2008,SPORT,2.17,6.13,4.1,2.87
2008,THRILLER,2.89,6.57,5.24,5.19
2008,DRAMA,3.3,6.85,5.87,6.09
2008,COMEDY,2.95,6.38,5.3,5.29
2008,HISTORY,3.06,6.95,5.68,5.73
2008,ROMANCE,2.99,6.61,5.68,5.62
2008,SCI_FI,2.71,6.14,5.1,5.01
2008,MYSTERY,2.77,6.11,4.76,4.2
2008,WESTERN,3.7,7.3,6.9,8.2
2008,CRIME,3.26,6.95,5.85,6.19
2008,HORROR,2.99,6.4,5.62,5.91
2008,ADVENTURE,2.84,6.3,5.3,5.51
2008,WAR,2.7,6.3,5.12,4.72
2008,FAMILY,2.95,6.36,5.38,5.99
2008,BIOGRAPHY,4.19,7.38,6.93,7.83
2008,DOCUMENTARY,8.3,7.5,7.1,8.4
2008,FANTASY,2.9,6.32,5.42,5.68
2008,MUSIC,2.55,6.3,5.05,4.15
2009,DRAMA,3.3,6.81,6.01,6.41
2009,CRIME,2.8,6.44,5.15,5.28
2009,COMEDY,3.01,6.27,5.27,5.17
2009,SPORT,3.18,7.06,5.72,6.4
2009,BIOGRAPHY,4.18,7.12,6.75,7.92
2009,ADVENTURE,3.13,6.55,5.79,6
2009,HORROR,2.91,6.06,4.9,5.25
2009,THRILLER,2.66,6.37,4.75,4.73
2009,SCI_FI,2.74,6.3,4.91,4.77
2009,ROMANCE,2.96,6.21,5.2,4.97
2009,ACTION,2.69,6.53,4.87,4.77
2009,DOCUMENTARY,4.93,7.07,6.93,8.63
2009,MYSTERY,2.89,6.69,5.12,5.57
2009,WAR,3.6,7.3,6.9,7.38
2009,FANTASY,3.06,6.45,5.72,5.78
2009,MUSIC,3.2,6.74,6.03,6.46
2009,HISTORY,3.4,7.25,6.6,6.7
2009,FAMILY,3.17,6.48,5.99,6.03
2010,SCI_FI,2.88,6.59,5.16,5.57
2010,DRAMA,3.41,6.73,5.97,6.09
2010,ROMANCE,2.96,6.41,5.13,4.84
2010,HORROR,2.6,6.17,4.74,4.73
2010,CRIME,2.99,6.76,5.55,5.62
2010,BIOGRAPHY,3.63,7.15,6.85,7.64
2010,COMEDY,2.86,6.45,5.22,5.16
2010,SPORT,3.6,7,7,7.8
2010,ADVENTURE,2.8,6.4,5.33,5.13
2010,WAR,3.65,6.72,6.04,6.55
2010,MYSTERY,2.96,6.63,5.54,5.66
2010,FAMILY,2.8,6.28,5.28,5.28
2010,DOCUMENTARY,4.65,7.25,7.12,8.55
2010,ACTION,2.81,6.42,5.03,4.99
2010,WESTERN,3.2,6.53,5.97,6.1
2010,FANTASY,2.81,6.34,5.33,5.28
2010,MUSIC,3.04,6.5,5.6,5.94
2010,HISTORY,3.97,7.04,6.71,7.4
2010,THRILLER,2.81,6.52,5.21,5.18
2011,BIOGRAPHY,3.38,7.23,6.28,6.78
2011,ADVENTURE,3,6.34,5.4,5.49
2011,ROMANCE,3.05,6.39,5.36,5.13
2011,HORROR,2.51,6.03,4.39,4.6
2011,WAR,3.97,6.97,5.47,5
2011,CRIME,3.46,6.85,5.88,6.75
2011,COMEDY,3.13,6.29,5.33,5.52
2011,SPORT,3.5,7.4,6.34,7.31
2011,ACTION,2.84,6.39,5.01,4.98
2011,DOCUMENTARY,4.32,6.38,6.17,7.35
2011,DRAMA,3.74,6.88,6.16,6.56
2011,SCI_FI,2.76,6.34,5.06,5.11
2011,HISTORY,4.02,6.66,6,5.96
2011,MUSIC,3.06,5.48,5.96,6.92
2011,THRILLER,3.03,6.48,5.25,5.53
2011,FANTASY,2.67,6.2,5,4.75
2011,FAMILY,3.03,6.39,5.74,6
2011,MYSTERY,3.04,6.67,5.54,6
2011,WESTERN,4.53,6.37,6.03,6.67
2012,ADVENTURE,3.59,6.62,5.68,6.39
2012,COMEDY,3.36,6.55,5.75,5.99
2012,DRAMA,3.72,6.82,6.28,6.74
2012,BIOGRAPHY,4.26,7.18,7.08,8.27
2012,CRIME,3.26,6.73,5.84,6.09
2012,MUSIC,3.37,6.92,6.01,7.26
2012,HISTORY,3.4,7.26,6.44,6.62
2012,WAR,3.22,7.13,6.08,6.07
2012,FAMILY,3.58,6.69,5.7,6.66
2012,WESTERN,3.35,6.95,6.65,6.45
2012,FANTASY,3.05,6.34,5.21,5.61
2012,ROMANCE,3.27,6.69,5.88,6.23
2012,MYSTERY,3.07,6.25,5.26,5.14
2012,HORROR,2.46,5.63,4.56,4.21
2012,SPORT,3.2,6.68,5.2,5.46
2012,DOCUMENTARY,4.54,7.18,6.48,7.36
2012,ACTION,3.14,6.47,5.29,5.38
2012,THRILLER,3,6.32,5.39,5.22
2012,SCI_FI,3.28,6.69,5.72,6.41
2013,WAR,3.33,7.13,6.73,6.2
2013,FAMILY,2.79,6.38,4.9,5.28
2013,DOCUMENTARY,5.89,6.71,6.34,7.92
2013,CRIME,2.83,6.54,5.31,5.14
2013,BIOGRAPHY,3.68,7.05,6.66,7.14
2013,COMEDY,3.17,6.38,5.22,5.52
2013,ADVENTURE,2.96,6.59,5.34,5.61
2013,SCI_FI,3.28,6.77,5.75,6.16
2013,MYSTERY,3.19,6.62,5.63,5.81
2013,SPORT,4.18,7.27,5.38,7.75
2013,ROMANCE,3.62,6.87,6.07,6.39
2013,THRILLER,3.09,6.5,5.38,5.38
2013,HORROR,2.63,6.08,4.82,4.82
2013,NEWS,6.7,7.13,6.9,7.8
2013,FANTASY,3.03,6.72,5.38,5.68
2013,MUSIC,4.96,6.61,6.24,8.09
2013,ACTION,2.91,6.46,4.95,4.99
2013,DRAMA,3.6,6.81,6.07,6.46
2013,HISTORY,4.77,7.4,7.95,8.88
2014,WAR,3.66,7.26,6.4,6.76
2014,MUSIC,3.83,6.63,5.76,6.91
2014,FAMILY,3.5,6.59,5.51,6.33
2014,BIOGRAPHY,4.06,6.87,5.89,6.3
2014,DOCUMENTARY,6.59,7.5,7.4,8.86
2014,FANTASY,2.56,5.94,4.55,4.29
2014,THRILLER,2.9,6.33,5.1,5.16
2014,HORROR,2.42,5.79,4.49,4.24
2014,DRAMA,3.33,6.73,5.67,5.98
2014,ADVENTURE,3.09,6.51,5.46,5.82
2014,WESTERN,2.95,6.35,5.6,5.65
2014,NEWS,5.1,8.1,8.4,10
2014,CRIME,3.09,6.68,5.47,5.67
2014,MYSTERY,2.7,6.3,5.01,4.94
2014,COMEDY,2.74,6.41,4.87,4.87
2014,ROMANCE,3.1,6.62,5.41,5.57
2014,SPORT,3.63,6.97,5.22,4.88
2014,SCI_FI,2.96,6.45,5.53,5.78
2014,HISTORY,4.3,6.82,6.17,6.82
2014,ACTION,2.91,6.33,5.11,5.11
2015,FAMILY,3.63,6.49,5.64,6.73
2015,WAR,3.81,6.73,6.29,6.4
2015,MUSIC,4.09,6.52,6.03,6.47
2015,FANTASY,3.02,6.39,5.16,5.63
2015,HISTORY,4.36,6.97,6.25,6.87
2015,MYSTERY,2.73,6.2,5.15,5.05
2015,DOCUMENTARY,5.84,7.64,7.54,8.88
2015,COMEDY,3,6.3,5.16,5.44
2015,DRAMA,3.56,6.6,5.77,6.17
2015,NEWS,4,7.4,7.6,9
2015,CRIME,2.73,6.36,4.81,4.48
2015,SPORT,3.38,6.95,5.72,5.72
2015,BIOGRAPHY,4.17,7.19,6.55,7.34
2015,WESTERN,3.02,6.55,5.55,5.98
2015,ADVENTURE,3.14,6.47,5.39,5.82
2015,ACTION,2.78,6.17,4.73,4.59
2015,SCI_FI,2.91,6.21,5.14,5.4
2015,HORROR,2.71,5.65,5.08,5.55
2015,ROMANCE,3.35,6.32,5.23,5.43
2015,THRILLER,2.86,6.16,5.06,5.03
2016,WAR,3.74,6.82,6.1,6.93
2016,MYSTERY,3.09,6.19,5.29,5.49
2016,FAMILY,3.86,6.85,5.41,6.67
2016,DOCUMENTARY,5.81,7.26,7.02,8.33
2016,MUSIC,3.84,7.29,7.16,8.56
2016,ACTION,3.05,6.47,5.42,5.46
2016,FANTASY,3.23,6.47,5.53,6.14
2016,HISTORY,4.01,6.86,6.11,7.1
2016,NEWS,4.4,8.3,8.3,9.7
2016,HORROR,3.05,6.04,5.58,5.99
2016,DRAMA,3.79,6.75,6.22,6.9
2016,COMEDY,3.48,6.45,5.58,6.14
2016,ADVENTURE,3.11,6.43,5.31,5.39
2016,BIOGRAPHY,4.14,6.99,6.17,7.13
2016,WESTERN,4,7.26,7.89,8.71
2016,CRIME,3.44,6.61,6.13,6.44
2016,SCI_FI,2.65,6.32,4.98,4.6
2016,ROMANCE,3.54,6.72,6.04,6.48
2016,SPORT,3.16,6.69,4.88,5.54
2016,THRILLER,3.43,6.51,5.84,6.24
2017,THRILLER,3.24,6.25,5.63,5.94
2017,SCI_FI,2.97,6.32,5.53,5.74
2017,HISTORY,4.2,7.03,6.24,7.1
2017,DOCUMENTARY,6.91,6.99,7.26,8.83
2017,ACTION,3.03,6.35,5.38,5.78
2017,FAMILY,3.41,6.71,5.7,6.71
2017,MUSIC,4.38,6.65,5.93,6.28
2017,MYSTERY,3.21,6.33,5.86,6.05
2017,FANTASY,2.92,6.32,5.26,5.3
2017,WESTERN,4.73,6.2,5.5,6.18
2017,CRIME,3.46,6.38,5.56,6.07
2017,BIOGRAPHY,4.2,6.95,6.2,7.29
2017,COMEDY,3.83,6.29,5.75,6.32
2017,WAR,3.56,6.91,6.46,7.17
2017,DRAMA,3.93,6.57,6.13,6.6
2017,ROMANCE,3.92,6.53,5.98,6.32
2017,SPORT,4,6.72,6.42,7.5
2017,ADVENTURE,3.13,6.34,5.34,5.75
2017,HORROR,3.1,6.2,5.71,6.16
2018,HISTORY,4.44,6.77,6.66,7.37
2018,MUSIC,4.23,6.88,6.5,7.79
2018,FANTASY,3.26,6.32,5.65,6.14
2018,WESTERN,4.41,6.8,7.6,8.51
2018,ACTION,3.26,6.22,5.23,5.62
2018,SCI_FI,3.16,6.17,5.38,5.86
2018,MYSTERY,3.21,6.07,5.81,5.98
2018,SPORT,4.64,6.94,6.86,8.3
2018,THRILLER,3.31,6.08,5.39,5.63
2018,DOCUMENTARY,6.7,7.2,7.18,9.06
2018,ROMANCE,3.54,6.36,5.73,6.1
2018,DRAMA,3.93,6.48,6.24,6.84
2018,HORROR,3.12,5.93,5.5,5.92
2018,ADVENTURE,3.4,6.5,5.69,6.33
2018,BIOGRAPHY,3.86,6.77,6.14,6.68
2018,WAR,4.18,6.79,6.3,7.21
2018,FAMILY,3.88,6.62,5.86,7.1
2018,CRIME,3.57,6.31,5.66,6.07
2018,COMEDY,3.76,6.4,5.93,6.57
2019,FANTASY,3.84,6.44,5.94,6.91
2019,ACTION,3.35,6.41,5.46,6.21
2019,HORROR,3.21,5.93,5.6,6.4
2019,SCI_FI,3.52,6.07,5.35,6.02
2019,MYSTERY,3.57,6.15,5.96,6.94
2019,SPORT,5.56,7.2,6.54,8.33
2019,THRILLER,3.63,6.31,5.67,6.39
2019,ROMANCE,3.57,6.47,5.79,6.34
2019,MUSIC,5.44,6.91,6.74,8.02
2019,HISTORY,3.98,7.01,6.38,6.99
2019,WAR,4.24,7.21,6.74,7.46
2019,FAMILY,4.16,6.64,5.71,7.4
2019,ADVENTURE,3.53,6.45,5.94,7.04
2019,COMEDY,3.61,6.49,5.98,6.98
2019,DOCUMENTARY,6.58,7.43,7.49,9.23
2019,DRAMA,4.1,6.59,6.16,7.12
2019,CRIME,3.74,6.45,5.84,6.42
2019,BIOGRAPHY,4.82,6.97,6.35,7.46
2020,ACTION,4.06,6.33,5.86,6.74
2020,THRILLER,4.24,6.09,5.79,6.8
2020,SCI_FI,3.55,6.35,6.5,7.92
2020,SPORT,6.6,7,4.7,6.8
2020,ADVENTURE,3.17,6.27,5.52,6.87
2020,ROMANCE,6.1,6.6,5.73,7.63
2020,WESTERN,4.6,6,7.5,7.9
2020,CRIME,5.43,6.63,6.83,8.59
2020,WAR,4.1,7.55,6.45,7.4
2020,HORROR,4.09,5.73,6.19,7.1
2020,DRAMA,5.97,6.43,6.13,7.73
2020,MYSTERY,2.58,5.48,5.2,4.9
2020,MUSIC,4.87,6.8,6.73,8.73
2020,FANTASY,4.4,6.36,5.82,7.42
2020,FAMILY,4.14,6.36,5.74,7.28
2020,BIOGRAPHY,5.8,7.03,6.47,7.93
2020,COMEDY,4.85,6.31,5.94,7.61
2020,DOCUMENTARY,8.5,7.4,8.1,9.7
2021,MYSTERY,7.4,5.5,6.6,9.2
2021,HORROR,7.4,5.5,6.6,9.2
2021,THRILLER,7.4,5.5,6.6,9.2
