Key,Hidden Gem Score,IMDb Score,Rotten Tomatoes Score,Metacritic Score
5,1.6,6.1,8.0,29.0
6,2.5,6.8,36.0,48.0
8,3.6,7.5,81.0,62.0
15,4.2,8.3,89.0,78.0
16,3.7,6.3,91.0,70.0
21,2.4,5.8,39.0,49.0
25,3.6,6.8,80.0,69.0
34,3.9,7.4,89.0,69.0
35,3.1,6.5,68.0,52.0
36,2.2,5.0,40.0,45.0
37,2.9,5.3,68.0,53.0
39,3.0,6.1,60.0,61.0
40,1.6,5.1,9.0,34.0
50,4.1,8.0,89.0,74.0
51,2.1,5.6,30.0,38.0
53,2.8,6.6,50.0,54.0
54,4.5,8.1,95.0,96.0
55,5.5,7.4,96.0,77.0
56,4.2,7.5,93.0,82.0
58,3.1,6.2,65.0,57.0
59,2.9,7.3,51.0,48.0
62,2.9,6.3,65.0,44.0
63,4.4,8.3,97.0,83.0
64,4.2,6.3,69.0,50.0
65,2.1,6.1,32.0,34.0
66,3.1,6.6,56.0,63.0
67,2.8,6.4,56.0,48.0
75,2.2,5.9,36.0,38.0
76,3.1,6.7,65.0,55.0
78,4.2,8.5,93.0,75.0
80,4.3,7.4,99.0,83.0
84,4.3,8.3,92.0,84.0
85,4.1,7.3,88.0,83.0
86,2.0,5.8,27.0,34.0
87,2.8,6.6,53.0,51.0
88,3.8,7.2,84.0,69.0
90,3.8,7.0,84.0,71.0
91,3.8,7.0,84.0,71.0
92,2.5,5.8,52.0,37.0
94,2.5,6.1,41.0,47.0
95,2.3,6.1,33.0,46.0
96,3.9,7.6,87.0,73.0
97,3.6,7.0,71.0,78.0
99,7.1,5.9,80.0,56.0
101,2.2,6.2,28.0,40.0
105,4.0,7.7,89.0,76.0
106,2.8,6.6,51.0,53.0
107,2.6,6.1,45.0,49.0
108,2.6,6.2,45.0,48.0
115,4.5,7.9,96.0,97.0
118,2.5,5.6,39.0,53.0
121,2.3,5.0,45.0,43.0
125,2.9,6.2,46.0,55.0
127,2.7,6.8,45.0,48.0
128,4.0,7.6,93.0,72.0
130,6.7,5.9,86.0,66.0
131,2.7,6.2,63.0,36.0
132,1.6,6.1,4.0,28.0
133,2.3,6.1,37.0,41.0
134,3.0,5.6,69.0,53.0
139,5.6,6.0,70.0,56.0
141,2.2,5.8,24.0,49.0
149,3.7,7.1,75.0,77.0
150,3.6,7.1,79.0,64.0
151,3.7,7.0,81.0,72.0
153,1.8,6.5,22.0,19.0
157,2.2,5.6,32.0,42.0
160,3.8,8.2,74.0,72.0
161,4.1,7.5,93.0,78.0
169,3.4,7.4,64.0,63.0
170,5.6,8.4,100.0,90.0
172,2.3,5.6,47.0,38.0
179,1.6,5.9,12.0,25.0
181,4.1,8.3,86.0,77.0
184,2.6,6.4,43.0,47.0
187,4.3,7.5,100.0,82.0
188,2.5,7.2,35.0,43.0
189,2.9,6.7,59.0,50.0
192,1.7,6.5,13.0,21.0
194,4.1,8.0,98.0,65.0
197,3.2,6.8,67.0,55.0
199,7.6,6.6,76.0,78.0
200,4.1,6.9,91.0,84.0
203,2.2,5.8,35.0,41.0
204,1.6,5.3,14.0,28.0
206,2.4,7.0,25.0,47.0
208,2.5,6.4,42.0,45.0
209,3.9,7.2,83.0,76.0
210,1.3,5.0,9.0,20.0
211,1.2,4.7,8.0,17.0
213,4.0,7.4,87.0,81.0
215,3.1,6.1,70.0,58.0
218,6.1,5.4,49.0,58.0
221,3.1,6.9,59.0,56.0
224,5.2,7.3,81.0,65.0
227,2.7,6.5,48.0,51.0
228,4.3,7.7,97.0,83.0
230,2.0,6.4,22.0,34.0
231,2.6,6.6,41.0,48.0
238,1.8,6.1,11.0,36.0
239,4.0,7.7,91.0,70.0
240,3.9,7.7,83.0,72.0
241,3.8,7.1,88.0,71.0
243,3.2,6.6,77.0,51.0
244,2.3,6.1,33.0,44.0
248,4.0,7.5,86.0,76.0
250,3.8,6.8,86.0,73.0
251,8.1,7.3,76.0,70.0
252,1.6,6.3,9.0,26.0
253,1.7,5.2,15.0,35.0
255,3.3,6.8,72.0,60.0
257,2.9,6.5,57.0,50.0
260,4.0,6.9,92.0,76.0
261,3.8,6.7,88.0,75.0
263,4.2,7.5,96.0,82.0
264,2.5,6.5,47.0,38.0
266,3.7,7.2,80.0,68.0
267,4.3,7.3,100.0,83.0
268,4.0,7.5,90.0,73.0
272,4.5,6.9,96.0,79.0
274,3.6,6.8,84.0,67.0
275,4.0,7.6,86.0,77.0
279,4.2,7.6,90.0,88.0
280,2.6,6.2,36.0,59.0
282,3.4,7.4,77.0,54.0
287,6.3,6.0,71.0,55.0
289,4.1,7.9,96.0,69.0
291,1.4,5.9,0.0,26.0
295,3.6,6.9,84.0,65.0
297,3.2,6.3,68.0,61.0
301,5.1,5.7,90.0,68.0
303,3.1,6.5,67.0,57.0
304,2.7,6.4,47.0,51.0
305,2.3,7.4,27.0,35.0
315,3.5,7.2,74.0,65.0
316,2.5,5.3,70.0,29.0
323,1.4,5.1,5.0,25.0
327,3.5,7.0,81.0,61.0
328,4.0,7.0,93.0,75.0
329,3.2,6.1,69.0,62.0
330,3.4,7.8,69.0,55.0
331,3.4,7.8,69.0,55.0
336,2.5,6.4,38.0,47.0
342,2.6,6.9,49.0,37.0
343,2.2,6.4,25.0,45.0
346,2.2,6.5,27.0,40.0
348,1.7,5.1,15.0,36.0
349,2.7,5.7,55.0,49.0
350,1.4,5.3,0.0,28.0
354,4.2,7.7,91.0,83.0
355,3.4,6.8,77.0,62.0
357,2.2,6.2,33.0,37.0
358,3.2,6.6,69.0,56.0
359,6.5,6.3,75.0,49.0
360,6.0,6.1,86.0,59.0
363,4.0,7.0,88.0,79.0
366,1.7,5.3,18.0,30.0
367,1.5,4.8,11.0,33.0
372,4.5,7.4,96.0,84.0
375,2.4,5.7,42.0,44.0
377,6.3,6.1,80.0,66.0
378,2.8,5.9,70.0,42.0
379,3.0,6.3,57.0,59.0
394,4.2,7.7,97.0,78.0
409,1.6,5.2,11.0,30.0
410,3.4,6.3,80.0,62.0
412,1.8,5.6,16.0,39.0
413,1.8,5.6,16.0,39.0
416,2.6,6.2,48.0,49.0
418,3.4,6.8,68.0,65.0
419,3.4,6.8,68.0,65.0
425,3.5,6.6,75.0,67.0
428,4.5,8.4,98.0,89.0
429,3.0,6.2,54.0,63.0
430,1.7,5.6,20.0,29.0
431,4.4,8.3,97.0,84.0
432,4.4,8.3,97.0,84.0
434,1.5,4.7,12.0,29.0
435,6.6,6.9,92.0,64.0
438,4.4,7.8,98.0,87.0
440,7.5,6.1,86.0,70.0
441,1.2,4.8,6.0,17.0
442,2.1,5.9,30.0,34.0
445,2.7,6.8,44.0,50.0
446,1.9,5.9,18.0,38.0
449,2.6,6.3,35.0,57.0
452,2.1,5.4,29.0,43.0
454,4.6,5.6,49.0,54.0
455,6.5,6.2,72.0,59.0
457,7.9,6.1,95.0,63.0
459,3.7,6.8,80.0,72.0
460,7.6,6.6,69.0,70.0
463,3.2,7.1,61.0,60.0
465,4.7,6.1,49.0,55.0
467,7.4,5.6,67.0,42.0
468,1.9,5.4,20.0,40.0
472,3.8,6.5,57.0,52.0
474,2.3,6.4,32.0,42.0
475,2.2,6.0,27.0,44.0
478,1.8,5.2,18.0,36.0
486,1.6,5.0,15.0,33.0
487,3.7,6.8,89.0,64.0
490,3.8,6.9,82.0,78.0
491,8.6,7.4,83.0,78.0
496,4.0,8.3,89.0,69.0
497,3.8,7.0,88.0,68.0
498,2.4,6.2,34.0,45.0
499,4.2,8.3,87.0,84.0
501,7.2,6.1,53.0,40.0
503,4.3,7.4,96.0,86.0
504,3.9,7.8,81.0,76.0
505,4.5,7.4,96.0,97.0
506,1.4,5.0,13.0,23.0
507,3.8,8.5,83.0,62.0
508,3.8,7.0,79.0,80.0
510,4.2,7.2,92.0,90.0
512,3.7,7.2,85.0,65.0
513,2.8,6.3,60.0,46.0
515,2.1,6.1,23.0,43.0
516,3.1,7.0,61.0,58.0
517,2.7,6.4,52.0,43.0
522,3.5,7.6,70.0,64.0
523,2.7,6.7,45.0,49.0
524,3.6,7.3,72.0,72.0
525,2.6,6.1,44.0,50.0
527,2.7,6.3,54.0,43.0
531,2.0,4.8,30.0,42.0
532,4.3,7.8,95.0,85.0
539,5.4,5.8,52.0,54.0
541,4.7,6.4,79.0,68.0
544,3.7,7.0,79.0,75.0
545,6.5,5.5,41.0,52.0
549,2.0,4.8,37.0,37.0
550,1.9,4.7,26.0,40.0
553,3.6,7.2,86.0,61.0
555,2.5,6.1,58.0,33.0
558,3.3,6.3,75.0,61.0
559,3.4,7.2,66.0,63.0
561,7.8,6.9,93.0,77.0
562,1.9,5.8,18.0,38.0
572,2.5,6.4,38.0,45.0
573,3.5,7.3,79.0,61.0
574,3.9,6.4,73.0,47.0
578,2.5,6.7,37.0,48.0
581,2.6,6.3,42.0,52.0
586,4.1,7.5,96.0,77.0
592,2.3,6.6,33.0,40.0
593,3.3,6.0,77.0,63.0
594,3.2,6.6,63.0,63.0
595,2.0,5.4,29.0,37.0
596,2.9,5.9,65.0,53.0
597,3.3,6.5,71.0,62.0
599,1.9,5.3,28.0,33.0
600,2.7,6.6,57.0,39.0
601,3.9,6.8,88.0,79.0
604,2.5,6.1,37.0,54.0
607,1.7,5.9,21.0,23.0
613,4.4,7.0,67.0,57.0
614,3.6,7.3,82.0,64.0
615,2.9,6.9,52.0,52.0
620,4.6,8.4,98.0,94.0
621,4.5,8.2,99.0,88.0
622,4.2,7.6,96.0,77.0
623,1.7,5.2,23.0,24.0
624,3.4,6.3,78.0,62.0
627,2.9,6.7,53.0,51.0
628,3.1,6.9,65.0,55.0
629,2.6,5.3,51.0,51.0
630,4.3,7.5,97.0,88.0
639,1.4,4.3,8.0,36.0
641,1.4,4.7,12.0,27.0
644,1.4,4.2,14.0,30.0
646,4.3,7.7,96.0,86.0
654,4.3,7.5,91.0,72.0
658,3.1,7.1,61.0,57.0
661,2.3,5.9,32.0,49.0
664,4.2,7.9,94.0,81.0
667,2.0,5.7,26.0,36.0
668,2.0,6.0,22.0,39.0
669,3.9,7.1,92.0,69.0
673,2.1,6.2,26.0,38.0
675,3.8,7.7,85.0,67.0
685,2.7,6.4,52.0,46.0
687,8.5,7.6,92.0,68.0
696,3.1,5.9,74.0,56.0
698,1.9,5.7,18.0,36.0
699,2.9,6.3,59.0,54.0
700,1.8,6.0,25.0,24.0
708,2.8,6.3,50.0,53.0
709,2.8,6.3,50.0,53.0
710,7.4,6.6,82.0,64.0
722,1.6,4.7,12.0,34.0
723,3.5,6.7,78.0,63.0
724,4.1,7.8,83.0,85.0
733,5.8,7.2,81.0,73.0
734,2.5,7.5,37.0,38.0
735,3.3,7.2,67.0,58.0
737,7.6,6.6,77.0,63.0
740,2.9,6.2,53.0,62.0
741,3.2,7.0,71.0,51.0
742,2.9,6.6,52.0,59.0
743,1.9,5.7,24.0,33.0
744,3.7,6.8,87.0,65.0
745,1.7,5.7,19.0,24.0
746,8.1,7.5,97.0,68.0
752,3.5,6.5,84.0,63.0
753,4.0,8.0,91.0,69.0
754,3.6,7.3,75.0,66.0
756,4.0,7.8,88.0,74.0
781,4.1,6.8,97.0,83.0
782,3.5,7.4,69.0,69.0
783,3.5,7.4,69.0,69.0
784,4.9,7.1,67.0,63.0
787,3.2,6.4,71.0,55.0
788,4.2,7.6,92.0,86.0
789,0.6,2.7,2.0,6.0
794,4.2,7.2,94.0,77.0
796,2.7,5.3,56.0,53.0
800,4.5,8.5,96.0,87.0
801,3.4,7.8,66.0,57.0
802,3.5,7.4,80.0,55.0
803,3.0,6.7,74.0,38.0
810,2.5,6.9,42.0,41.0
811,3.4,6.6,77.0,59.0
812,2.1,6.6,23.0,38.0
814,4.1,7.4,88.0,81.0
820,3.0,6.2,58.0,60.0
822,2.7,6.5,53.0,42.0
823,3.6,7.0,78.0,70.0
824,2.0,5.6,24.0,38.0
826,2.5,5.6,45.0,47.0
828,2.0,5.8,26.0,39.0
846,7.4,6.2,89.0,63.0
848,3.5,6.3,82.0,66.0
850,1.4,5.4,8.0,24.0
856,1.7,3.3,27.0,40.0
868,1.7,6.6,17.0,22.0
870,2.1,5.4,26.0,44.0
872,2.0,5.6,22.0,42.0
874,2.7,7.0,54.0,41.0
879,8.8,7.5,100.0,78.0
880,3.6,7.5,71.0,69.0
881,3.9,8.2,84.0,70.0
882,2.4,5.4,38.0,51.0
884,3.6,7.0,80.0,68.0
885,2.3,6.4,28.0,44.0
890,3.8,6.7,85.0,73.0
891,4.1,7.6,88.0,81.0
893,0.6,2.5,3.0,9.0
898,2.2,5.8,34.0,41.0
901,7.4,7.3,86.0,76.0
903,1.8,5.5,17.0,37.0
906,8.0,7.0,90.0,67.0
907,8.0,7.0,90.0,67.0
910,3.8,6.4,85.0,78.0
911,2.7,6.5,44.0,52.0
914,1.9,5.6,21.0,40.0
915,4.1,7.7,92.0,79.0
918,3.8,6.0,75.0,68.0
919,7.4,7.1,98.0,74.0
921,2.7,6.1,47.0,52.0
924,2.4,6.4,41.0,39.0
925,8.4,6.8,86.0,75.0
932,2.7,6.1,49.0,54.0
936,2.5,6.3,41.0,46.0
938,3.8,7.5,85.0,70.0
939,3.1,6.5,64.0,58.0
940,2.4,6.4,37.0,41.0
941,3.2,6.2,64.0,68.0
942,4.5,7.9,98.0,94.0
944,2.1,6.8,27.0,31.0
945,3.6,7.4,83.0,62.0
947,2.5,6.4,37.0,49.0
948,2.5,6.4,37.0,49.0
952,5.6,7.6,95.0,71.0
953,4.3,7.7,93.0,90.0
955,3.6,6.4,82.0,69.0
958,7.5,6.5,83.0,58.0
964,7.9,7.2,80.0,73.0
966,3.6,6.7,82.0,66.0
974,3.2,6.2,71.0,59.0
978,3.5,6.3,75.0,70.0
988,1.8,6.7,12.0,29.0
989,2.7,6.5,72.0,26.0
992,8.1,7.4,74.0,55.0
995,3.7,6.5,89.0,67.0
997,3.5,7.4,77.0,56.0
1002,3.2,6.1,74.0,59.0
1003,3.7,7.3,83.0,66.0
1004,2.7,6.5,47.0,48.0
1005,1.3,5.6,9.0,16.0
1006,1.6,5.6,14.0,27.0
1007,1.8,4.8,24.0,34.0
1015,2.8,5.3,67.0,46.0
1017,3.8,6.9,83.0,73.0
1018,4.6,7.6,82.0,73.0
1024,2.4,6.4,39.0,41.0
1025,3.4,7.0,72.0,62.0
1026,2.2,5.4,44.0,36.0
1027,3.5,8.0,75.0,58.0
1028,6.5,7.1,91.0,72.0
1029,3.1,5.4,78.0,53.0
1031,3.3,6.5,75.0,61.0
1035,3.4,7.3,78.0,53.0
1048,8.4,6.3,100.0,73.0
1049,1.6,5.6,7.0,30.0
1052,3.9,7.7,85.0,74.0
1053,2.6,6.2,44.0,53.0
1054,2.0,6.4,42.0,16.0
1058,3.0,6.6,64.0,51.0
1059,2.1,6.0,32.0,36.0
1060,4.2,7.7,91.0,87.0
1062,3.3,6.1,78.0,60.0
1070,2.4,6.2,40.0,43.0
1071,3.5,6.8,78.0,65.0
1072,2.8,6.4,52.0,54.0
1076,2.4,6.2,40.0,43.0
1077,4.0,8.1,83.0,73.0
1078,3.5,7.2,71.0,65.0
1081,4.2,8.5,89.0,76.0
1082,3.8,7.7,76.0,74.0
1085,3.5,6.9,73.0,68.0
1089,2.5,6.6,39.0,45.0
1091,3.4,6.4,80.0,62.0
1093,4.1,8.0,85.0,79.0
1096,4.4,8.1,98.0,83.0
1097,2.3,5.4,32.0,51.0
1098,4.2,7.5,96.0,83.0
1100,2.9,6.7,57.0,52.0
1102,4.2,8.0,88.0,81.0
1103,4.2,8.1,90.0,84.0
1104,4.2,8.1,90.0,84.0
1105,2.0,5.9,25.0,38.0
1106,3.3,6.3,70.0,64.0
1107,2.2,5.0,37.0,47.0
1110,7.5,6.6,95.0,75.0
1119,3.3,6.8,69.0,62.0
1120,1.8,6.5,15.0,31.0
1124,3.8,6.9,89.0,71.0
1127,4.1,7.4,94.0,77.0
1132,3.6,6.2,84.0,69.0
1136,3.4,8.0,63.0,64.0
1137,3.6,6.4,89.0,66.0
1142,2.7,6.5,52.0,45.0
1146,2.3,6.8,40.0,29.0
1147,3.0,7.6,55.0,52.0
1149,2.6,5.7,36.0,61.0
1152,4.2,7.7,89.0,89.0
1153,4.0,7.3,91.0,78.0
1154,3.9,7.3,91.0,69.0
1156,4.1,7.1,96.0,78.0
1160,2.4,6.3,36.0,46.0
1161,3.5,6.4,78.0,66.0
1162,4.0,7.4,87.0,81.0
1170,1.2,4.9,7.0,18.0
1178,3.0,7.1,55.0,57.0
1193,3.9,7.1,91.0,72.0
1194,4.2,7.8,88.0,86.0
1197,1.4,4.2,13.0,32.0
1198,4.3,7.9,93.0,85.0
1199,2.8,6.1,54.0,53.0
1200,4.2,7.2,96.0,84.0
1201,2.4,5.5,43.0,45.0
1203,3.1,5.4,25.0,54.0
1204,4.2,7.3,91.0,89.0
1217,1.6,5.1,0.0,42.0
1223,3.6,6.9,81.0,69.0
1228,4.2,7.8,96.0,76.0
1230,3.6,6.5,79.0,71.0
1232,1.4,4.6,10.0,29.0
1233,1.9,6.6,13.0,34.0
1242,1.0,3.1,10.0,21.0
1247,3.8,8.3,78.0,68.0
1248,3.3,5.9,77.0,61.0
1249,4.0,7.1,90.0,79.0
1252,4.0,7.6,89.0,76.0
1255,2.1,5.5,27.0,42.0
1256,5.9,6.7,79.0,63.0
1259,3.2,7.2,68.0,51.0
1260,3.0,6.4,56.0,60.0
1263,2.0,5.7,26.0,40.0
1265,3.9,6.8,90.0,75.0
1266,4.1,7.6,90.0,81.0
1267,3.8,7.1,85.0,74.0
1269,2.2,6.0,27.0,44.0
1270,3.4,6.5,78.0,59.0
1271,3.5,6.7,80.0,66.0
1272,2.0,6.3,27.0,29.0
1273,2.7,6.1,58.0,44.0
1274,2.6,7.1,43.0,45.0
1275,2.9,6.0,63.0,52.0
1280,4.2,7.7,87.0,87.0
1281,2.9,6.1,52.0,61.0
1282,2.3,6.2,28.0,49.0
1283,3.8,7.2,82.0,76.0
1285,4.3,7.5,97.0,88.0
1292,2.7,7.1,47.0,47.0
1301,8.2,6.9,70.0,67.0
1302,7.6,5.8,79.0,48.0
1303,6.4,6.2,79.0,61.0
1304,3.9,6.8,85.0,80.0
1307,3.4,5.4,61.0,51.0
1308,2.5,5.7,45.0,48.0
1309,4.2,7.4,97.0,81.0
1311,3.8,6.8,91.0,66.0
1315,7.8,6.6,97.0,57.0
1318,2.4,6.4,36.0,47.0
1319,3.5,7.0,78.0,63.0
1321,8.4,5.5,91.0,74.0
1323,7.2,6.1,88.0,63.0
1324,2.3,6.6,28.0,42.0
1325,2.4,5.2,48.0,44.0
1326,3.9,6.1,70.0,63.0
1328,4.9,7.6,96.0,69.0
1330,7.7,5.8,83.0,68.0
1333,2.2,5.3,34.0,44.0
1335,3.3,6.5,65.0,66.0
1340,3.3,6.6,71.0,64.0
1345,4.0,6.8,95.0,76.0
1348,4.4,7.9,94.0,93.0
1351,7.3,6.9,94.0,67.0
1354,1.9,5.3,29.0,35.0
1358,2.6,6.5,40.0,52.0
1364,4.1,7.8,90.0,75.0
1365,3.9,7.9,82.0,72.0
1366,4.2,7.8,93.0,82.0
1368,3.6,6.2,87.0,69.0
1369,2.6,6.0,44.0,54.0
1371,3.6,7.6,67.0,71.0
1376,3.2,6.3,67.0,65.0
1377,3.8,7.9,81.0,65.0
1385,4.3,7.2,94.0,94.0
1387,2.7,5.9,50.0,53.0
1388,3.6,6.7,62.0,52.0
1391,4.0,7.4,90.0,76.0
1394,2.5,5.5,42.0,52.0
1395,7.4,6.9,91.0,56.0
1397,1.8,6.2,21.0,25.0
1398,3.9,8.2,80.0,73.0
1399,4.2,8.0,94.0,80.0
1401,2.7,6.1,50.0,49.0
1402,4.0,7.8,89.0,73.0
1403,6.1,6.1,81.0,74.0
1404,4.2,8.0,96.0,78.0
1408,2.1,6.0,22.0,43.0
1409,4.2,8.1,96.0,75.0
1412,3.6,7.1,80.0,65.0
1416,2.5,5.1,54.0,47.0
1417,1.4,4.3,13.0,30.0
1419,1.2,3.4,9.0,27.0
1422,3.3,6.6,71.0,59.0
1423,1.6,4.4,11.0,38.0
1427,3.0,6.5,55.0,60.0
1429,2.7,6.7,42.0,52.0
1430,3.1,6.4,61.0,62.0
1431,4.0,6.3,92.0,82.0
1438,3.0,6.3,77.0,42.0
1446,3.5,6.4,81.0,67.0
1448,2.3,6.8,32.0,41.0
1452,3.7,6.6,83.0,72.0
1453,2.1,6.4,28.0,37.0
1454,3.6,7.0,82.0,67.0
1456,2.3,4.9,42.0,48.0
1459,3.5,6.3,78.0,68.0
1464,8.6,7.8,95.0,68.0
1472,3.8,7.3,87.0,68.0
1474,3.8,7.3,87.0,68.0
1475,3.8,7.3,87.0,68.0
1486,2.4,5.7,36.0,48.0
1490,2.2,6.5,27.0,41.0
1493,4.2,7.9,92.0,84.0
1498,5.1,7.4,92.0,77.0
1503,3.5,7.0,79.0,64.0
1504,1.9,6.1,25.0,29.0
1505,1.8,6.0,18.0,28.0
1507,2.7,6.3,51.0,48.0
1514,3.2,6.7,69.0,57.0
1518,3.2,7.6,68.0,49.0
1519,1.4,5.4,5.0,22.0
1521,3.7,7.0,85.0,69.0
1524,2.6,6.1,49.0,44.0
1530,4.2,8.5,90.0,80.0
1534,2.3,5.8,38.0,43.0
1535,7.9,6.2,81.0,66.0
1541,4.7,8.5,98.0,99.0
1545,3.5,7.2,74.0,63.0
1546,6.9,5.5,59.0,55.0
1549,2.7,6.4,49.0,46.0
1551,6.5,7.0,40.0,55.0
1555,5.8,6.7,52.0,43.0
1556,6.6,7.5,93.0,78.0
1557,3.3,6.9,68.0,59.0
1558,2.1,5.8,27.0,39.0
1559,3.3,6.6,75.0,49.0
1563,3.7,6.9,80.0,74.0
1566,2.4,6.4,34.0,45.0
1567,3.4,7.0,68.0,67.0
1568,8.2,7.5,80.0,57.0
1571,4.3,7.6,94.0,90.0
1577,3.4,7.2,68.0,65.0
1580,3.2,7.4,66.0,55.0
1581,3.7,6.9,86.0,66.0
1582,3.2,6.4,71.0,59.0
1583,3.5,7.0,78.0,64.0
1584,2.4,5.7,44.0,42.0
1588,3.2,7.3,64.0,57.0
1590,1.6,5.8,14.0,25.0
1603,3.5,7.1,74.0,66.0
1604,3.1,6.2,69.0,57.0
1614,3.9,7.5,86.0,71.0
1615,1.7,6.8,14.0,23.0
1618,2.3,6.4,27.0,45.0
1620,3.6,6.2,86.0,70.0
1621,3.5,6.2,81.0,70.0
1622,4.3,7.2,97.0,89.0
1624,3.7,5.7,62.0,46.0
1630,7.2,6.0,68.0,65.0
1633,6.3,7.2,89.0,81.0
1634,3.1,7.0,67.0,47.0
1635,6.0,6.7,40.0,36.0
1638,1.9,5.2,25.0,36.0
1642,3.1,7.2,59.0,55.0
1643,5.7,5.7,75.0,56.0
1644,2.3,5.3,35.0,49.0
1651,1.6,5.3,22.0,22.0
1652,3.6,7.3,80.0,65.0
1661,2.9,6.7,57.0,49.0
1662,2.8,7.0,46.0,50.0
1663,3.7,6.7,85.0,70.0
1666,2.8,6.5,51.0,51.0
1667,2.6,5.3,53.0,48.0
1670,3.4,7.2,68.0,61.0
1674,4.5,8.1,100.0,92.0
1675,2.5,5.7,45.0,49.0
1676,3.5,6.3,81.0,66.0
1678,1.8,5.6,19.0,31.0
1680,4.1,7.7,90.0,80.0
1682,4.0,7.3,84.0,83.0
1688,1.5,5.5,10.0,23.0
1689,2.5,7.0,36.0,42.0
1692,3.4,7.9,64.0,61.0
1693,2.6,6.0,44.0,50.0
1698,3.1,6.9,61.0,57.0
1699,2.8,6.2,64.0,41.0
1702,3.4,6.1,84.0,60.0
1707,3.9,6.9,91.0,74.0
1709,3.7,7.4,79.0,68.0
1713,4.2,7.6,95.0,82.0
1714,3.7,7.1,83.0,66.0
1715,3.8,6.3,89.0,74.0
1716,4.0,6.5,100.0,75.0
1718,6.6,6.3,90.0,76.0
1725,2.1,6.3,30.0,36.0
1732,3.4,6.5,72.0,66.0
1738,3.6,6.6,88.0,62.0
1739,1.8,5.7,10.0,41.0
1743,3.3,7.1,75.0,55.0
1745,4.5,7.8,97.0,94.0
1746,2.1,6.1,20.0,47.0
1752,3.3,7.2,63.0,61.0
1756,3.9,7.4,92.0,70.0
1757,3.3,6.5,70.0,62.0
1758,3.2,5.6,76.0,58.0
1759,3.4,7.0,65.0,70.0
1761,2.4,6.1,37.0,44.0
1764,2.9,5.5,62.0,59.0
1765,5.2,3.7,33.0,54.0
1768,2.3,5.3,41.0,42.0
1777,0.8,3.1,1.0,13.0
1778,2.0,5.6,27.0,39.0
1779,2.2,6.2,30.0,42.0
1780,1.8,6.0,21.0,30.0
1785,4.2,8.0,93.0,80.0
1787,6.0,5.5,68.0,63.0
1793,3.5,8.0,69.0,61.0
1794,3.9,8.0,83.0,72.0
1801,4.1,7.6,93.0,74.0
1816,5.4,7.2,62.0,56.0
1818,1.2,4.7,0.0,24.0
1823,2.1,6.2,23.0,39.0
1824,2.5,6.2,35.0,55.0
1825,2.6,6.3,41.0,50.0
1828,3.9,7.4,84.0,75.0
1829,1.2,5.5,4.0,15.0
1831,4.5,8.3,98.0,86.0
1832,4.5,8.3,98.0,86.0
1834,3.1,6.3,66.0,56.0
1849,3.4,7.3,75.0,59.0
1850,4.1,7.6,90.0,79.0
1855,4.4,7.6,90.0,96.0
1856,2.6,6.1,38.0,60.0
1867,3.7,6.8,83.0,70.0
1870,2.4,6.5,41.0,39.0
1873,1.9,6.2,20.0,34.0
1877,3.8,8.0,85.0,65.0
1879,7.0,6.3,64.0,58.0
1883,2.2,6.3,28.0,43.0
1886,3.9,6.1,91.0,79.0
1888,2.5,5.7,43.0,51.0
1893,2.1,4.5,38.0,43.0
1898,2.5,6.4,42.0,43.0
1900,2.1,6.8,20.0,36.0
1902,3.1,7.0,68.0,51.0
1903,1.9,6.4,18.0,31.0
1904,1.5,5.9,11.0,18.0
1906,1.4,5.0,6.0,28.0
1907,6.3,7.0,86.0,73.0
1909,2.9,5.9,59.0,54.0
1910,2.5,6.2,45.0,40.0
1912,3.7,7.1,83.0,68.0
1916,3.1,7.2,58.0,58.0
1917,3.3,7.1,70.0,59.0
1919,7.8,6.1,92.0,65.0
1922,3.9,7.6,89.0,66.0
1924,3.9,7.6,89.0,66.0
1926,2.2,6.2,28.0,40.0
1927,4.1,7.7,89.0,80.0
1931,2.9,7.0,53.0,49.0
1932,2.7,6.7,60.0,34.0
1939,2.7,7.0,42.0,49.0
1942,2.2,5.6,27.0,49.0
1946,3.7,7.1,92.0,61.0
1947,3.4,7.2,70.0,62.0
1948,3.8,8.1,80.0,68.0
1963,3.2,7.2,64.0,55.0
1964,3.8,7.6,81.0,72.0
1965,3.5,7.3,75.0,62.0
1966,2.8,6.3,58.0,49.0
1967,2.6,6.0,51.0,46.0
1975,2.4,5.7,41.0,45.0
1976,3.9,7.3,82.0,77.0
1977,1.3,4.7,9.0,23.0
1979,2.6,6.2,50.0,44.0
1983,2.1,6.1,25.0,42.0
1989,3.9,7.2,87.0,76.0
1991,3.2,7.0,65.0,55.0
1995,1.6,5.5,7.0,35.0
2003,1.5,4.9,12.0,27.0
2006,4.1,8.2,94.0,72.0
2008,3.7,7.1,82.0,69.0
2009,3.2,7.6,59.0,58.0
2011,4.1,7.7,90.0,78.0
2027,2.6,5.9,42.0,56.0
2034,3.4,7.0,68.0,65.0
2035,1.5,5.9,11.0,21.0
2036,4.3,7.7,89.0,90.0
2041,3.0,6.1,59.0,58.0
2043,3.5,7.5,70.0,64.0
2046,3.7,6.6,84.0,74.0
2047,5.4,6.2,72.0,66.0
2048,7.8,6.9,80.0,58.0
2049,3.7,7.2,80.0,70.0
2050,3.4,6.5,75.0,64.0
2051,4.2,7.9,90.0,81.0
2052,3.3,6.8,69.0,62.0
2054,2.6,6.6,41.0,48.0
2055,6.5,7.6,90.0,69.0
2056,2.6,6.1,45.0,48.0
2058,4.2,8.4,87.0,81.0
2067,3.5,7.3,78.0,59.0
2068,3.9,7.5,89.0,72.0
2071,3.9,8.0,84.0,69.0
2075,3.2,6.7,71.0,55.0
2076,4.4,8.0,96.0,86.0
2077,3.2,7.0,65.0,57.0
2078,3.8,7.2,84.0,71.0
2081,4.1,7.7,92.0,76.0
2083,4.1,7.3,97.0,76.0
2084,1.6,5.6,14.0,26.0
2087,3.6,6.9,82.0,64.0
2088,3.9,6.4,66.0,58.0
2093,3.2,7.1,71.0,49.0
2094,3.5,6.5,79.0,66.0
2096,6.6,7.0,89.0,70.0
2097,4.0,7.7,88.0,76.0
2100,2.9,5.6,60.0,56.0
2102,8.1,6.8,83.0,77.0
2110,2.0,5.1,23.0,45.0
2113,1.7,5.2,18.0,34.0
2114,2.7,6.0,51.0,51.0
2116,3.9,7.2,89.0,72.0
2117,3.5,6.1,85.0,63.0
2158,2.2,6.5,27.0,40.0
2164,7.7,6.4,80.0,68.0
2165,2.6,5.1,48.0,56.0
2167,4.2,8.2,90.0,82.0
2168,5.4,5.4,71.0,42.0
2169,2.8,5.7,47.0,63.0
2175,1.1,4.0,9.0,19.0
2176,2.9,6.3,59.0,51.0
2177,3.2,6.4,83.0,46.0
2180,2.1,6.3,25.0,40.0
2181,3.0,6.8,60.0,54.0
2182,4.0,6.5,92.0,83.0
2183,3.4,6.9,76.0,60.0
2184,3.6,7.1,85.0,62.0
2198,3.5,7.0,74.0,69.0
2199,2.7,6.5,50.0,49.0
2200,3.6,7.1,85.0,62.0
2208,1.7,6.0,6.0,35.0
2209,2.0,5.5,28.0,35.0
2210,3.7,6.5,78.0,76.0
2216,3.5,7.1,79.0,60.0
2220,2.1,5.7,26.0,41.0
2222,4.1,7.8,92.0,78.0
2223,5.4,6.3,63.0,55.0
2232,6.2,5.3,57.0,58.0
2233,2.6,6.5,40.0,51.0
2234,7.8,7.0,93.0,73.0
2235,3.0,7.3,68.0,41.0
2236,2.0,5.6,30.0,36.0
2237,1.1,3.4,10.0,19.0
2239,2.6,6.5,51.0,39.0
2241,4.4,7.8,92.0,94.0
2242,3.2,6.1,65.0,69.0
2246,4.5,7.8,98.0,91.0
2247,2.2,6.6,26.0,43.0
2248,3.5,6.1,80.0,68.0
2251,2.7,5.9,50.0,51.0
2252,7.3,7.1,95.0,70.0
2256,3.8,7.0,85.0,72.0
2257,4.0,7.3,83.0,85.0
2258,2.4,5.8,36.0,50.0
2259,1.5,5.8,8.0,26.0
2260,7.6,6.9,90.0,69.0
2264,3.5,7.4,82.0,54.0
2267,2.9,6.6,55.0,55.0
2270,4.0,7.9,91.0,71.0
2276,1.5,5.4,12.0,23.0
2277,4.4,7.4,99.0,89.0
2286,3.9,7.3,91.0,72.0
2304,4.1,7.1,87.0,73.0
2305,6.4,7.4,96.0,83.0
2309,3.6,7.0,84.0,64.0
2312,4.1,8.0,93.0,71.0
2313,4.3,5.8,52.0,54.0
2314,2.5,6.8,35.0,45.0
2315,2.3,6.4,28.0,45.0
2316,4.2,7.1,91.0,89.0
2318,4.2,7.0,76.0,58.0
2320,3.3,6.4,77.0,59.0
2321,3.2,6.6,65.0,61.0
2328,3.7,6.6,89.0,66.0
2336,3.8,7.6,85.0,68.0
2337,3.0,6.6,62.0,51.0
2340,3.0,7.6,53.0,53.0
2344,1.8,5.8,22.0,25.0
2346,4.2,7.7,94.0,83.0
2347,2.3,6.6,33.0,38.0
2349,3.1,6.7,65.0,52.0
2351,2.3,6.1,36.0,43.0
2355,2.0,6.1,28.0,34.0
2356,2.6,6.1,38.0,56.0
2357,4.2,7.4,90.0,87.0
2360,3.8,7.3,84.0,73.0
2363,2.1,5.9,35.0,35.0
2365,2.8,6.7,50.0,49.0
2368,2.7,6.4,51.0,48.0
2372,4.4,8.3,92.0,89.0
2373,7.7,7.8,97.0,72.0
2380,3.5,6.4,81.0,68.0
2381,2.0,6.6,9.0,45.0
2383,1.9,5.4,23.0,37.0
2384,5.0,7.0,64.0,55.0
2385,3.8,7.4,87.0,69.0
2387,2.2,6.7,28.0,35.0
2390,3.5,7.1,72.0,64.0
2391,3.0,6.4,63.0,52.0
2398,3.7,6.8,88.0,66.0
2399,3.5,7.8,68.0,61.0
2400,3.1,6.5,63.0,57.0
2402,1.7,5.9,19.0,22.0
2403,3.5,7.8,68.0,61.0
2407,3.2,6.4,65.0,62.0
2410,4.5,7.2,80.0,73.0
2411,2.4,6.0,31.0,52.0
2415,5.0,6.4,98.0,72.0
2417,1.2,4.1,6.0,25.0
2422,2.9,6.6,54.0,52.0
2426,4.0,7.3,95.0,73.0
2429,3.6,7.4,75.0,68.0
2434,4.5,7.9,99.0,94.0
2435,2.0,6.6,16.0,38.0
2439,3.7,7.0,82.0,69.0
2441,2.1,5.6,24.0,47.0
2442,3.6,6.8,79.0,69.0
2448,1.8,5.4,7.0,47.0
2450,3.4,7.6,73.0,56.0
2453,3.5,6.6,84.0,58.0
2454,1.9,5.1,24.0,39.0
2458,2.5,5.8,38.0,54.0
2463,3.5,7.3,74.0,66.0
2464,2.6,6.6,36.0,52.0
2465,1.3,4.3,9.0,27.0
2466,3.8,7.1,84.0,71.0
2472,3.3,7.0,70.0,61.0
2473,2.3,6.6,28.0,46.0
2474,3.3,7.0,70.0,61.0
2475,6.0,6.1,81.0,64.0
2476,3.6,7.3,77.0,66.0
2477,2.5,6.4,42.0,44.0
2482,3.5,6.9,76.0,67.0
2493,1.6,5.5,17.0,22.0
2494,1.4,5.2,0.0,32.0
2496,2.2,7.1,28.0,31.0
2501,2.7,6.3,46.0,51.0
2502,2.8,7.6,49.0,41.0
2504,0.9,3.4,3.0,16.0
2505,3.6,7.6,73.0,70.0
2515,4.1,7.2,92.0,79.0
2516,3.3,6.7,72.0,58.0
2517,3.7,7.8,81.0,61.0
2518,4.6,8.9,92.0,94.0
2520,3.8,8.0,83.0,67.0
2521,3.6,7.5,87.0,57.0
2523,1.4,4.5,11.0,31.0
2524,1.2,3.5,7.0,28.0
2525,1.8,4.1,24.0,46.0
2529,3.9,7.1,93.0,68.0
2533,2.3,6.7,35.0,36.0
2534,2.5,6.2,48.0,38.0
2535,2.8,5.8,62.0,50.0
2546,7.2,6.4,86.0,50.0
2549,5.7,6.2,46.0,53.0
2555,1.9,6.1,24.0,31.0
2556,2.0,6.5,22.0,34.0
2557,2.2,6.5,38.0,28.0
2558,2.0,5.8,18.0,45.0
2560,1.7,5.0,15.0,39.0
2561,2.7,6.0,43.0,57.0
2564,4.1,7.3,87.0,84.0
2565,7.6,6.4,85.0,68.0
2566,4.2,7.1,93.0,85.0
2568,3.9,7.2,87.0,72.0
2569,4.1,7.3,91.0,81.0
2572,1.9,5.6,24.0,37.0
2578,7.6,6.8,71.0,47.0
2581,2.9,7.2,52.0,53.0
2583,3.7,7.1,73.0,79.0
2585,2.3,6.2,36.0,39.0
2586,1.4,5.2,4.0,27.0
2589,2.6,6.5,40.0,50.0
2591,3.6,6.9,77.0,68.0
2592,3.8,7.3,77.0,76.0
2595,2.9,7.7,54.0,45.0
2596,2.1,5.3,32.0,43.0
2600,3.8,6.8,87.0,71.0
2604,2.4,6.6,36.0,40.0
2605,3.5,6.6,73.0,74.0
2608,3.0,6.6,56.0,56.0
2613,1.6,5.7,11.0,29.0
2614,3.1,5.9,69.0,58.0
2615,2.9,6.0,57.0,55.0
2617,2.6,6.6,46.0,43.0
2620,5.0,8.5,99.0,89.0
2623,6.9,7.6,82.0,74.0
2633,2.1,6.7,25.0,36.0
2635,3.7,7.1,83.0,67.0
2639,4.0,8.8,71.0,82.0
2641,5.9,5.9,67.0,41.0
2643,2.0,5.7,25.0,41.0
2649,4.0,7.0,87.0,81.0
2650,3.5,7.2,71.0,68.0
2653,8.0,6.5,90.0,67.0
2655,4.1,7.5,92.0,82.0
2659,5.3,5.9,69.0,56.0
2662,6.2,6.6,53.0,54.0
2663,3.6,6.7,88.0,63.0
2665,2.0,5.6,21.0,42.0
2666,2.2,5.7,41.0,37.0
2667,1.9,5.8,20.0,38.0
2668,3.3,6.4,69.0,63.0
2670,3.5,6.0,70.0,79.0
2674,3.5,7.5,70.0,64.0
2680,2.0,5.8,26.0,35.0
2682,3.7,7.2,82.0,70.0
2683,2.5,6.5,64.0,22.0
2684,1.9,5.5,26.0,34.0
2685,1.9,6.1,28.0,26.0
2686,1.4,4.8,19.0,16.0
2687,1.6,5.3,32.0,13.0
2688,1.1,4.6,8.0,14.0
2693,3.3,6.5,68.0,63.0
2694,3.0,6.1,67.0,55.0
2699,3.8,7.1,92.0,62.0
2702,3.0,6.8,57.0,54.0
2705,2.4,6.5,38.0,42.0
2706,1.9,5.5,20.0,39.0
2707,4.6,6.7,32.0,40.0
2708,3.7,7.4,79.0,71.0
2714,4.2,7.5,94.0,85.0
2720,4.2,8.3,92.0,76.0
2727,6.2,7.0,83.0,54.0
2728,2.3,6.2,28.0,47.0
2731,4.3,7.4,93.0,89.0
2732,3.2,6.3,69.0,60.0
2733,2.5,6.5,32.0,50.0
2734,3.7,7.1,82.0,67.0
2735,3.6,7.6,76.0,64.0
2738,4.0,7.2,92.0,75.0
2739,3.2,5.9,80.0,56.0
2740,2.1,5.8,28.0,41.0
2741,2.1,5.8,34.0,32.0
2747,3.4,7.0,73.0,63.0
2748,3.6,7.0,73.0,58.0
2751,3.9,7.3,90.0,70.0
2752,1.4,4.3,14.0,30.0
2754,3.7,6.9,85.0,66.0
2756,1.7,5.4,18.0,32.0
2757,1.9,5.8,30.0,27.0
2759,4.1,8.0,85.0,79.0
2763,3.7,7.5,73.0,72.0
2764,4.5,8.2,97.0,89.0
2765,4.5,8.2,97.0,89.0
2768,2.3,6.7,31.0,40.0
2769,3.4,7.3,76.0,53.0
2777,3.7,7.8,82.0,64.0
2783,6.0,5.4,72.0,71.0
2785,2.0,5.7,26.0,38.0
2786,3.4,8.5,63.0,57.0
2787,2.9,6.6,53.0,56.0
2791,1.7,5.8,18.0,25.0
2792,1.5,5.3,16.0,21.0
2793,3.9,6.6,91.0,77.0
2795,2.0,6.0,28.0,34.0
2796,3.3,6.4,72.0,65.0
2798,4.3,7.7,98.0,85.0
2799,1.9,5.4,16.0,45.0
2800,6.5,6.3,79.0,52.0
2801,2.8,6.5,51.0,54.0
2807,3.3,7.1,74.0,52.0
2808,4.2,8.0,96.0,76.0
2809,3.4,7.5,64.0,66.0
2816,1.9,5.2,26.0,35.0
2817,1.6,4.3,18.0,34.0
2818,1.7,5.5,16.0,28.0
2819,3.6,6.4,85.0,68.0
2820,3.7,6.7,85.0,72.0
2822,3.3,6.4,74.0,60.0
2823,4.1,7.8,97.0,71.0
2824,2.9,6.6,53.0,56.0
2826,2.0,5.8,28.0,34.0
2830,3.5,7.6,73.0,60.0
2832,8.7,7.5,95.0,73.0
2846,4.4,4.6,84.0,65.0
2848,3.5,6.9,72.0,72.0
2849,2.9,7.3,53.0,51.0
2853,5.0,6.9,96.0,85.0
2859,4.1,8.1,87.0,79.0
2867,3.8,8.5,77.0,67.0
2875,4.2,7.8,93.0,78.0
2899,4.3,8.6,91.0,79.0
2900,1.2,4.7,12.0,16.0
2901,1.3,4.4,10.0,22.0
2902,1.6,5.4,15.0,25.0
2903,4.3,7.7,98.0,85.0
2904,3.4,6.4,76.0,62.0
2907,1.7,5.4,15.0,32.0
2908,3.4,6.4,76.0,62.0
2921,2.5,6.0,42.0,48.0
2922,3.7,6.8,86.0,67.0
2926,4.2,8.0,95.0,80.0
2928,3.3,6.6,82.0,50.0
2929,2.6,6.7,42.0,49.0
2932,7.3,5.8,67.0,71.0
2936,6.3,6.5,76.0,78.0
2938,4.1,7.0,91.0,87.0
2939,1.8,5.9,12.0,36.0
2940,4.0,7.6,94.0,72.0
2941,4.1,8.1,87.0,79.0
2944,4.5,8.1,91.0,97.0
2946,3.5,6.7,80.0,60.0
2947,2.2,5.7,32.0,41.0
2950,6.1,6.9,95.0,72.0
2952,1.3,5.6,5.0,19.0
2955,4.1,7.4,93.0,80.0
2956,4.1,7.4,92.0,80.0
2957,4.2,8.3,98.0,70.0
2959,4.5,8.7,96.0,90.0
2960,3.5,6.8,81.0,64.0
2961,2.5,5.8,42.0,48.0
2962,3.3,6.3,78.0,60.0
2964,2.6,5.6,47.0,53.0
2968,1.8,5.8,15.0,38.0
2969,1.2,4.8,0.0,24.0
2971,4.1,5.1,72.0,52.0
2973,1.4,5.7,9.0,21.0
2976,3.9,8.1,81.0,72.0
2981,3.9,6.7,91.0,77.0
2982,3.9,6.7,91.0,77.0
2990,2.7,6.1,67.0,33.0
2993,4.5,7.7,95.0,96.0
2994,3.6,7.2,75.0,70.0
2995,2.2,4.4,37.0,52.0
2999,5.6,7.3,67.0,35.0
3001,3.8,8.2,78.0,69.0
3005,2.0,5.5,26.0,39.0
3006,2.9,7.5,47.0,55.0
3007,3.1,6.8,53.0,63.0
3011,3.8,7.3,85.0,70.0
3012,3.4,6.4,71.0,69.0
3015,2.7,6.9,42.0,52.0
3019,2.5,6.1,40.0,46.0
3020,8.2,7.5,85.0,69.0
3021,4.3,7.8,92.0,87.0
3022,4.1,8.0,96.0,72.0
3025,1.7,5.9,11.0,30.0
3026,1.3,5.4,8.0,19.0
3044,3.8,7.7,83.0,70.0
3054,7.0,7.1,33.0,46.0
3058,3.9,8.1,84.0,71.0
3063,6.3,7.3,96.0,76.0
3065,3.7,6.3,85.0,72.0
3066,4.0,6.6,91.0,81.0
3070,1.9,6.7,29.0,16.0
3071,1.2,4.7,3.0,23.0
3073,2.3,5.8,33.0,45.0
3074,3.5,6.5,79.0,67.0
3075,4.3,7.7,96.0,87.0
3076,2.0,5.9,29.0,34.0
3078,3.9,6.7,100.0,64.0
3080,5.1,6.0,43.0,53.0
3083,2.6,6.4,41.0,49.0
3085,2.7,6.6,45.0,54.0
3088,1.5,5.3,4.0,31.0
3089,7.6,6.6,50.0,56.0
3091,3.4,6.8,71.0,65.0
3094,2.7,6.8,40.0,57.0
3097,1.9,6.2,16.0,35.0
3098,1.7,6.1,16.0,23.0
3101,1.3,4.5,4.0,28.0
3105,3.2,6.6,71.0,58.0
3106,3.2,6.2,71.0,57.0
3109,3.6,6.4,76.0,77.0
3110,2.6,5.9,45.0,50.0
3112,2.7,7.0,62.0,31.0
3122,2.3,5.8,38.0,41.0
3129,3.5,7.1,74.0,64.0
3130,3.4,6.6,73.0,66.0
3133,3.6,7.4,82.0,63.0
3134,4.4,8.1,96.0,85.0
3135,3.6,7.7,77.0,65.0
3136,4.1,7.7,88.0,81.0
3137,4.0,7.6,84.0,78.0
3138,3.7,7.5,77.0,71.0
3139,4.2,7.9,90.0,82.0
3140,3.7,7.6,81.0,64.0
3141,4.4,8.1,96.0,85.0
3152,3.4,5.8,80.0,67.0
3155,3.7,6.4,87.0,72.0
3166,3.6,7.1,73.0,70.0
3168,3.2,6.7,68.0,59.0
3170,3.8,6.9,92.0,65.0
3171,2.9,6.9,49.0,55.0
3173,2.6,5.8,51.0,47.0
3179,3.0,6.7,60.0,51.0
3181,2.3,7.0,38.0,29.0
3186,2.1,6.1,29.0,37.0
3188,2.0,5.5,40.0,26.0
3190,4.4,7.6,97.0,88.0
3192,1.7,5.2,18.0,31.0
3193,3.9,7.0,86.0,78.0
3201,3.6,6.6,85.0,63.0
3208,7.5,7.5,75.0,58.0
3210,4.4,8.0,94.0,90.0
3214,2.7,6.0,58.0,47.0
3215,1.2,3.3,17.0,23.0
3217,2.4,6.4,41.0,40.0
3220,2.8,6.4,47.0,56.0
3221,4.2,7.3,89.0,87.0
3229,2.5,6.4,41.0,47.0
3235,6.2,4.7,57.0,49.0
3236,4.1,7.3,89.0,83.0
3237,4.1,7.8,93.0,74.0
3239,1.8,6.0,13.0,35.0
3240,4.4,7.6,97.0,88.0
3241,4.4,7.6,97.0,88.0
3242,4.4,7.6,97.0,88.0
3243,4.4,7.6,97.0,88.0
3244,4.4,7.6,97.0,88.0
3245,5.0,6.2,91.0,78.0
3246,2.9,7.1,53.0,51.0
3247,3.6,5.8,82.0,77.0
3248,4.4,7.9,97.0,89.0
3253,7.0,6.8,50.0,43.0
3254,2.7,5.6,40.0,65.0
3272,3.2,6.6,69.0,58.0
3275,2.1,6.3,28.0,35.0
3276,1.6,5.7,8.0,28.0
3277,2.7,6.9,43.0,47.0
3281,3.1,5.6,70.0,63.0
3289,2.5,5.1,52.0,50.0
3295,2.2,5.8,32.0,41.0
3301,2.5,6.5,42.0,40.0
3308,8.5,7.2,82.0,67.0
3311,4.0,7.3,94.0,73.0
3312,3.3,5.7,76.0,65.0
3316,2.5,6.8,29.0,52.0
3317,2.5,6.8,29.0,52.0
3318,2.0,5.4,24.0,41.0
3319,6.7,6.7,64.0,58.0
3320,3.4,6.3,75.0,65.0
3324,2.5,6.5,41.0,46.0
3325,3.2,6.9,69.0,57.0
3326,2.3,6.3,35.0,40.0
3333,3.5,7.2,71.0,65.0
3335,4.2,7.8,91.0,81.0
3339,2.5,6.7,39.0,43.0
3340,3.5,6.8,83.0,61.0
3341,3.2,6.4,63.0,63.0
3343,2.9,6.1,58.0,58.0
3346,2.5,5.4,46.0,51.0
3347,3.6,7.6,76.0,62.0
3348,4.2,8.1,91.0,79.0
3349,2.7,7.1,45.0,47.0
3350,2.8,6.7,55.0,44.0
3351,3.0,6.3,62.0,54.0
3352,1.7,5.6,13.0,31.0
3353,1.9,6.1,20.0,31.0
3355,4.2,7.5,87.0,89.0
3357,2.0,5.3,26.0,41.0
3359,2.2,5.4,31.0,46.0
3360,2.0,6.3,26.0,29.0
3362,3.5,7.0,82.0,60.0
3363,1.7,5.0,17.0,36.0
3366,2.6,6.2,49.0,46.0
3367,2.6,6.0,39.0,54.0
3368,2.7,6.1,47.0,51.0
3369,7.0,5.8,79.0,69.0
3370,8.5,7.6,95.0,77.0
3374,2.5,6.4,42.0,45.0
3376,4.2,8.1,99.0,75.0
3377,4.1,7.8,92.0,76.0
3378,3.9,7.5,90.0,71.0
3381,4.3,7.4,94.0,88.0
3382,4.2,8.2,87.0,80.0
3388,1.8,5.8,32.0,17.0
3390,4.2,7.5,93.0,83.0
3392,2.9,5.6,62.0,54.0
3395,3.6,7.3,81.0,63.0
3397,2.8,6.4,49.0,56.0
3398,3.8,5.7,55.0,49.0
3403,4.1,7.6,90.0,82.0
3404,4.3,7.9,97.0,81.0
3405,2.4,6.6,37.0,43.0
3411,1.4,5.5,12.0,18.0
3413,3.8,6.3,87.0,79.0
3419,7.2,6.4,75.0,47.0
3422,3.0,6.7,59.0,53.0
3423,2.8,6.5,52.0,51.0
3424,5.7,7.5,36.0,38.0
3427,6.4,7.2,64.0,55.0
3428,7.8,7.6,96.0,70.0
3431,3.4,7.2,68.0,65.0
3433,5.4,5.6,64.0,56.0
3434,3.7,6.7,91.0,64.0
3437,4.5,7.9,99.0,95.0
3442,2.8,7.3,63.0,30.0
3444,5.0,6.9,79.0,63.0
3447,3.9,6.9,89.0,75.0
3448,1.7,4.9,17.0,38.0
3449,2.3,5.5,35.0,48.0
3451,2.6,5.7,51.0,50.0
3455,2.5,5.7,43.0,52.0
3456,4.2,7.6,96.0,81.0
3457,3.4,6.6,71.0,65.0
3459,3.7,7.0,83.0,70.0
3462,1.9,5.9,15.0,37.0
3463,3.5,6.8,79.0,65.0
3464,3.5,6.8,79.0,65.0
3465,2.0,6.3,32.0,27.0
3466,2.4,5.4,57.0,35.0
3467,1.2,4.7,7.0,21.0
3468,4.0,5.7,63.0,51.0
3471,8.2,6.0,82.0,71.0
3472,4.2,7.9,92.0,78.0
3473,1.4,5.1,5.0,30.0
3474,7.1,6.6,73.0,57.0
3476,4.0,7.5,90.0,77.0
3479,3.0,6.0,69.0,50.0
3481,4.0,7.9,92.0,68.0
3482,3.5,7.5,77.0,60.0
3483,2.5,6.5,37.0,49.0
3484,2.7,6.9,46.0,50.0
3485,3.1,6.8,57.0,60.0
3487,3.9,6.7,85.0,81.0
3488,3.2,7.0,65.0,55.0
3489,2.8,6.5,52.0,51.0
3491,4.3,6.4,67.0,62.0
3492,3.3,7.3,62.0,64.0
3494,1.9,5.7,19.0,35.0
3498,4.2,7.1,95.0,87.0
3503,2.3,6.0,39.0,40.0
3505,4.1,7.3,92.0,81.0
3510,2.8,6.5,52.0,51.0
3512,7.1,7.3,100.0,85.0
3514,2.8,6.5,52.0,51.0
3515,2.8,6.5,52.0,51.0
3516,2.8,6.5,52.0,51.0
3517,2.8,6.5,52.0,51.0
3518,2.8,6.5,52.0,51.0
3520,2.8,6.5,52.0,51.0
3521,3.6,6.9,77.0,73.0
3522,2.7,5.6,49.0,55.0
3524,2.8,6.5,52.0,51.0
3525,2.8,6.5,52.0,51.0
3526,2.8,6.5,52.0,51.0
3528,2.5,5.6,41.0,54.0
3532,2.5,6.0,46.0,46.0
3534,3.6,6.5,85.0,68.0
3537,6.7,5.5,60.0,51.0
3538,3.3,6.0,77.0,64.0
3542,3.8,7.9,84.0,67.0
3544,2.7,5.8,47.0,59.0
3545,3.9,7.3,88.0,74.0
3548,3.3,6.4,75.0,60.0
3552,2.2,5.3,33.0,46.0
3554,2.6,6.9,42.0,47.0
3555,4.0,7.2,96.0,74.0
3556,6.8,6.6,77.0,52.0
3557,1.0,3.8,4.0,15.0
3562,2.3,5.4,36.0,46.0
3565,2.6,6.7,36.0,53.0
3570,4.2,8.8,87.0,74.0
3571,2.7,6.4,56.0,44.0
3573,2.2,6.0,35.0,35.0
3574,3.3,7.0,67.0,59.0
3575,1.9,5.2,30.0,32.0
3578,3.4,6.1,78.0,65.0
3579,3.9,8.2,88.0,65.0
3580,4.4,8.4,95.0,85.0
3581,3.6,7.6,84.0,57.0
3582,3.5,7.0,74.0,68.0
3583,4.2,8.0,94.0,75.0
3586,2.1,6.2,23.0,42.0
3587,8.8,6.6,100.0,75.0
3590,4.0,8.3,89.0,69.0
3593,3.7,6.6,85.0,71.0
3597,2.5,6.1,39.0,49.0
3600,4.4,7.4,100.0,89.0
3605,4.5,8.2,98.0,88.0
3606,4.0,7.6,86.0,76.0
3608,3.1,6.8,66.0,52.0
3609,2.4,6.6,39.0,40.0
3610,2.8,6.1,57.0,52.0
3611,2.3,5.7,33.0,49.0
3613,3.5,7.3,81.0,57.0
3615,2.3,6.6,27.0,43.0
3616,3.1,7.5,57.0,55.0
3621,3.9,8.6,72.0,74.0
3625,6.4,7.0,86.0,71.0
3629,2.0,5.8,21.0,44.0
3630,4.0,8.1,83.0,73.0
3631,3.5,6.2,75.0,71.0
3642,3.4,5.6,33.0,56.0
3645,3.7,7.3,76.0,74.0
3648,2.0,4.7,31.0,40.0
3649,3.8,8.0,86.0,59.0
3652,3.6,7.0,84.0,62.0
3653,3.1,6.2,67.0,55.0
3657,4.2,7.9,94.0,79.0
3658,3.3,7.0,72.0,57.0
3659,3.5,7.1,79.0,62.0
3660,2.8,6.6,47.0,53.0
3661,3.0,7.4,57.0,51.0
3671,3.1,5.9,70.0,60.0
3672,3.8,7.3,86.0,69.0
3673,3.1,6.5,62.0,58.0
3674,3.8,6.2,87.0,78.0
3675,3.3,6.4,71.0,64.0
3676,4.1,6.8,95.0,83.0
3679,1.9,5.9,8.0,45.0
3687,3.0,6.5,58.0,57.0
3688,3.8,7.3,86.0,69.0
3689,3.2,7.1,57.0,63.0
3690,3.8,7.3,86.0,69.0
3691,3.8,7.3,86.0,69.0
3692,3.8,7.3,86.0,69.0
3695,3.8,7.3,86.0,69.0
3699,2.8,6.5,43.0,59.0
3703,1.0,3.3,3.0,23.0
3704,5.3,7.0,77.0,56.0
3705,1.9,5.4,19.0,40.0
3707,3.1,7.0,64.0,50.0
3708,2.4,6.1,38.0,47.0
3709,2.9,6.2,54.0,57.0
3711,2.7,6.2,52.0,51.0
3715,3.2,7.0,65.0,56.0
3717,3.0,6.5,61.0,54.0
3718,3.3,7.0,64.0,66.0
3719,3.3,7.0,64.0,66.0
3720,2.6,6.6,49.0,42.0
3721,3.9,6.7,87.0,81.0
3723,6.1,5.8,64.0,55.0
3736,3.9,7.3,84.0,76.0
3737,2.5,5.9,43.0,49.0
3744,1.5,4.4,20.0,25.0
3748,4.4,8.0,98.0,87.0
3749,2.8,5.8,58.0,51.0
3763,1.9,5.5,25.0,33.0
3768,5.2,6.9,77.0,62.0
3770,2.0,5.4,28.0,37.0
3774,2.0,6.0,19.0,39.0
3777,2.2,5.8,33.0,39.0
3778,4.1,7.7,92.0,77.0
3791,3.3,6.0,74.0,65.0
3794,5.5,6.7,76.0,63.0
3800,4.0,7.5,93.0,72.0
3806,2.2,5.9,28.0,44.0
3811,3.7,7.6,75.0,69.0
3825,2.1,7.1,23.0,30.0
3826,2.1,5.8,27.0,41.0
3827,3.8,7.4,86.0,68.0
3828,3.9,7.4,89.0,73.0
3829,4.0,7.5,89.0,75.0
3830,2.4,6.2,33.0,51.0
3831,2.5,6.3,38.0,46.0
3832,2.3,6.2,37.0,39.0
3833,3.7,7.8,87.0,58.0
3836,3.5,8.4,68.0,59.0
3838,1.5,4.7,12.0,33.0
3840,5.3,5.9,63.0,62.0
3844,8.3,7.1,93.0,72.0
3845,2.4,5.8,45.0,41.0
3846,2.9,5.8,61.0,57.0
3849,3.0,6.6,60.0,56.0
3856,3.6,6.8,81.0,66.0
3857,3.6,6.8,81.0,66.0
3859,4.5,7.8,93.0,97.0
3860,7.5,6.6,50.0,42.0
3861,3.5,7.0,77.0,66.0
3864,3.6,6.6,83.0,67.0
3865,2.7,7.0,55.0,39.0
3866,3.2,6.6,71.0,58.0
3867,3.4,6.9,76.0,58.0
3868,2.8,5.7,58.0,56.0
3869,2.9,6.7,60.0,48.0
3871,4.2,7.4,94.0,81.0
3873,2.9,6.7,62.0,48.0
3874,2.0,5.3,27.0,40.0
3875,4.0,8.1,91.0,68.0
3876,2.5,5.9,49.0,42.0
3877,3.3,7.0,70.0,59.0
3879,2.7,6.2,47.0,51.0
3882,6.3,7.2,74.0,69.0
3883,2.5,6.2,42.0,47.0
3884,1.9,6.4,19.0,33.0
3885,2.8,6.7,55.0,47.0
3886,2.1,5.5,41.0,28.0
3887,3.8,7.6,85.0,68.0
3888,2.8,6.5,45.0,57.0
3893,2.5,6.3,40.0,45.0
3897,2.2,1.6,65.0,52.0
3903,2.1,6.0,22.0,44.0
3912,4.5,8.0,100.0,89.0
3915,6.1,7.1,66.0,61.0
3916,3.2,7.7,78.0,40.0
3920,3.4,8.0,70.0,54.0
3939,2.0,4.4,59.0,16.0
3953,3.2,5.9,76.0,57.0
3954,4.0,7.0,91.0,81.0
3957,3.4,6.3,78.0,63.0
3958,1.9,5.9,19.0,34.0
3960,6.9,7.1,71.0,62.0
3969,3.8,6.8,61.0,53.0
3971,3.8,5.9,76.0,60.0
3980,3.6,7.6,76.0,66.0
3981,2.3,6.5,32.0,41.0
3982,2.2,6.5,36.0,33.0
3983,5.9,5.0,92.0,54.0
3984,2.1,4.9,41.0,37.0
3985,3.3,6.8,57.0,75.0
3986,6.6,6.4,87.0,69.0
3989,2.3,5.9,35.0,44.0
3992,3.0,6.5,60.0,53.0
3999,1.8,5.9,16.0,30.0
4000,3.0,7.1,62.0,50.0
4001,3.4,6.9,77.0,60.0
4002,6.0,6.7,100.0,73.0
4003,2.3,6.4,28.0,44.0
4005,3.0,6.2,75.0,43.0
4007,1.4,5.5,10.0,21.0
4008,2.5,4.8,48.0,53.0
4010,1.5,5.4,10.0,25.0
4011,3.3,6.2,73.0,64.0
4015,2.1,5.8,34.0,35.0
4018,2.3,6.7,30.0,41.0
4019,4.0,7.2,84.0,81.0
4021,2.2,5.5,33.0,47.0
4025,7.8,6.6,94.0,62.0
4027,2.9,7.2,39.0,63.0
4029,1.9,6.8,12.0,35.0
4030,2.7,6.7,51.0,44.0
4031,3.5,7.7,74.0,60.0
4039,2.9,6.6,52.0,58.0
4047,5.8,6.3,59.0,57.0
4048,3.4,7.2,73.0,62.0
4051,4.3,7.9,97.0,82.0
4052,4.2,7.1,99.0,80.0
4053,2.3,4.9,36.0,53.0
4054,4.1,6.9,90.0,85.0
4055,2.3,6.2,34.0,41.0
4057,3.2,6.8,70.0,57.0
4064,3.4,6.6,75.0,62.0
4066,3.6,7.2,81.0,62.0
4069,4.1,7.8,88.0,77.0
4070,4.3,7.8,97.0,84.0
4076,6.9,6.8,82.0,56.0
4078,4.1,7.7,90.0,78.0
4079,3.4,6.5,75.0,66.0
4080,3.9,7.5,87.0,74.0
4081,3.7,7.2,81.0,67.0
4082,3.7,7.1,87.0,66.0
4089,3.8,6.7,94.0,66.0
4090,6.3,8.2,97.0,66.0
4091,3.8,6.9,91.0,65.0
4100,4.4,8.0,91.0,94.0
4108,2.6,6.9,35.0,52.0
4110,3.3,7.4,72.0,50.0
4112,4.5,7.4,99.0,94.0
4115,3.9,6.8,88.0,76.0
4116,3.8,7.6,76.0,75.0
4118,4.3,8.1,95.0,84.0
4119,3.2,6.4,65.0,63.0
4121,2.5,6.1,44.0,47.0
4125,3.5,6.2,74.0,71.0
4126,1.9,5.3,26.0,32.0
4128,2.0,5.6,24.0,43.0
4130,2.3,6.1,37.0,41.0
4133,6.6,7.1,94.0,78.0
4134,2.4,6.4,38.0,44.0
4138,2.7,6.5,47.0,50.0
4139,6.5,5.6,76.0,67.0
4141,2.9,6.5,56.0,52.0
4142,1.8,6.2,16.0,27.0
4145,2.7,6.6,46.0,48.0
4149,3.6,6.5,80.0,70.0
4151,3.9,7.7,84.0,73.0
4153,2.2,7.4,26.0,34.0
4155,3.3,7.3,66.0,58.0
4156,4.7,8.3,97.0,100.0
4157,3.8,7.3,80.0,73.0
4165,4.0,7.2,90.0,80.0
4166,2.0,6.5,23.0,33.0
4169,2.0,5.0,30.0,40.0
4170,4.3,7.2,100.0,88.0
4172,3.5,7.2,72.0,65.0
4173,0.7,3.1,1.0,12.0
4177,3.1,6.9,61.0,55.0
4179,2.9,6.9,52.0,53.0
4186,1.7,5.3,19.0,32.0
4196,3.4,6.8,72.0,62.0
4201,3.7,8.5,74.0,64.0
4202,1.4,4.8,21.0,17.0
4204,3.5,7.6,70.0,63.0
4205,3.5,7.6,70.0,63.0
4208,3.2,5.8,81.0,51.0
4211,4.0,7.1,88.0,79.0
4212,3.9,7.3,76.0,66.0
4215,3.7,7.6,80.0,68.0
4216,1.9,6.4,18.0,30.0
4217,4.3,7.9,98.0,82.0
4219,4.3,7.9,98.0,82.0
4220,4.3,7.9,98.0,82.0
4221,2.6,6.5,42.0,50.0
4228,1.4,5.3,7.0,25.0
4229,3.1,6.6,67.0,54.0
4230,4.3,6.1,64.0,59.0
4231,3.0,6.8,50.0,63.0
4232,8.2,6.2,89.0,65.0
4234,2.2,6.5,29.0,39.0
4237,1.7,6.8,13.0,21.0
4238,4.1,7.9,86.0,79.0
4239,2.3,5.6,38.0,46.0
4244,6.2,7.5,94.0,75.0
4246,3.1,6.6,67.0,54.0
4247,3.6,6.6,82.0,67.0
4248,3.3,6.3,76.0,58.0
4251,4.6,7.2,84.0,74.0
4252,3.5,6.7,72.0,68.0
4253,2.6,5.3,57.0,47.0
4260,3.4,7.4,69.0,59.0
4261,4.1,7.3,89.0,86.0
4264,8.3,6.3,86.0,61.0
4265,3.9,8.0,84.0,69.0
4271,2.5,5.5,46.0,49.0
4273,7.1,5.9,67.0,52.0
4274,3.8,7.5,80.0,75.0
4276,1.5,5.5,9.0,27.0
4280,1.7,5.7,14.0,28.0
4283,1.4,4.4,12.0,26.0
4286,4.4,7.8,95.0,91.0
4290,2.5,6.4,34.0,49.0
4291,3.7,7.4,81.0,69.0
4294,4.1,7.5,88.0,81.0
4299,4.9,5.8,66.0,59.0
4301,2.3,6.4,23.0,52.0
4302,3.7,8.2,75.0,66.0
4304,2.4,6.1,38.0,48.0
4307,4.0,7.0,92.0,78.0
4313,5.9,5.7,57.0,50.0
4315,1.9,5.9,28.0,28.0
4317,3.5,7.5,75.0,60.0
4320,3.6,6.8,81.0,67.0
4324,1.2,4.4,0.0,26.0
4325,2.3,5.8,34.0,47.0
4326,2.9,5.7,56.0,64.0
4327,4.2,7.4,93.0,84.0
4330,3.3,7.6,61.0,62.0
4331,7.1,6.8,77.0,63.0
4334,2.9,6.9,48.0,55.0
4342,3.9,6.6,87.0,78.0
4345,3.1,7.6,61.0,52.0
4347,4.4,7.7,95.0,89.0
4350,2.4,6.3,38.0,41.0
4356,2.5,6.1,40.0,51.0
4359,2.5,6.1,40.0,51.0
4361,3.2,7.6,64.0,55.0
4363,4.4,7.7,100.0,89.0
4366,2.9,6.7,49.0,55.0
4371,7.1,5.4,44.0,54.0
4377,4.2,8.1,91.0,78.0
4380,7.7,7.2,75.0,62.0
4383,1.8,5.7,16.0,33.0
4385,7.9,6.8,89.0,65.0
4387,3.3,6.5,75.0,60.0
4388,5.6,6.3,65.0,49.0
4393,2.7,7.6,44.0,45.0
4403,3.7,6.9,67.0,84.0
4405,1.8,5.8,18.0,31.0
4413,2.5,7.2,32.0,44.0
4415,2.8,6.2,53.0,51.0
4418,7.3,7.1,73.0,57.0
4421,4.0,7.0,88.0,79.0
4423,2.3,6.3,31.0,42.0
4424,3.8,7.8,85.0,62.0
4425,6.7,5.7,57.0,57.0
4431,3.7,7.1,81.0,58.0
4433,3.8,7.3,77.0,80.0
4438,3.2,6.4,67.0,61.0
4443,4.0,7.7,95.0,71.0
4455,4.0,7.7,95.0,71.0
4461,3.5,7.5,72.0,61.0
4464,5.6,5.4,62.0,50.0
4465,2.7,5.6,55.0,53.0
4467,3.6,6.6,80.0,71.0
4468,2.1,5.6,29.0,41.0
4469,2.3,6.8,28.0,43.0
4471,3.9,6.9,90.0,73.0
4472,4.1,7.6,93.0,77.0
4473,4.5,8.1,97.0,90.0
4475,3.0,6.9,54.0,57.0
4476,3.4,6.8,78.0,60.0
4477,3.2,6.6,64.0,61.0
4479,3.7,5.7,43.0,52.0
4481,3.6,7.2,80.0,65.0
4482,1.9,5.9,15.0,37.0
4489,2.8,5.6,60.0,52.0
4494,2.8,6.5,51.0,54.0
4496,3.5,6.1,79.0,72.0
4497,3.0,5.6,65.0,60.0
4500,4.0,8.0,83.0,77.0
4502,2.3,5.3,38.0,45.0
4503,8.4,7.7,98.0,82.0
4508,2.2,6.3,33.0,34.0
4515,3.0,7.5,54.0,54.0
4517,2.1,5.2,31.0,43.0
4519,2.8,7.1,57.0,41.0
4520,3.0,6.2,63.0,57.0
4521,2.8,6.4,55.0,51.0
4522,3.4,6.6,79.0,60.0
4526,3.0,7.0,56.0,55.0
4527,2.3,6.6,32.0,40.0
4531,4.5,7.8,96.0,96.0
4532,3.9,6.5,90.0,81.0
4535,6.8,5.2,69.0,68.0
4536,6.8,5.2,69.0,68.0
4549,8.5,7.5,97.0,75.0
4550,3.2,6.2,61.0,67.0
4551,6.9,7.5,100.0,72.0
4554,3.6,7.4,81.0,64.0
4555,2.0,5.5,24.0,42.0
4565,6.9,7.2,83.0,63.0
4566,3.9,7.1,87.0,76.0
4572,3.1,6.5,57.0,65.0
4576,4.3,8.0,95.0,82.0
4577,7.8,7.0,98.0,77.0
4581,4.5,7.9,94.0,94.0
4582,3.0,6.7,49.0,63.0
4587,2.8,6.3,54.0,52.0
4604,2.5,6.3,27.0,60.0
4607,4.3,5.7,48.0,57.0
4612,4.0,7.4,85.0,81.0
4619,7.3,6.7,76.0,62.0
4621,3.6,7.3,82.0,61.0
4624,3.9,6.9,90.0,72.0
4626,8.4,7.6,100.0,75.0
4628,3.8,7.6,89.0,65.0
4630,3.5,7.3,79.0,60.0
4631,1.1,4.6,0.0,22.0
4639,2.5,6.3,47.0,43.0
4643,6.2,7.8,99.0,84.0
4644,4.2,8.1,96.0,75.0
4645,3.9,7.7,81.0,74.0
4647,2.7,6.6,47.0,49.0
4648,6.3,6.3,78.0,64.0
4649,3.7,7.0,84.0,66.0
4652,2.1,5.7,31.0,38.0
4657,2.4,6.3,39.0,41.0
4658,3.8,7.0,84.0,73.0
4659,3.8,7.0,84.0,73.0
4662,3.5,7.2,73.0,63.0
4663,3.7,7.1,85.0,66.0
4667,4.3,8.4,93.0,80.0
4676,3.9,7.3,92.0,71.0
4677,3.2,6.8,68.0,58.0
4678,2.5,6.2,38.0,49.0
4679,1.9,5.6,23.0,38.0
4681,2.8,7.2,42.0,56.0
4682,2.3,6.7,33.0,38.0
4683,3.9,7.5,84.0,76.0
4684,8.0,6.5,96.0,81.0
4688,8.7,6.8,100.0,82.0
4689,2.0,6.2,21.0,37.0
4696,3.8,7.5,82.0,71.0
4697,3.8,7.5,81.0,72.0
4698,2.5,6.4,45.0,40.0
4699,2.2,6.3,32.0,39.0
4704,3.5,7.2,79.0,61.0
4709,5.8,6.7,39.0,48.0
4713,2.8,6.0,46.0,65.0
4715,2.1,5.7,34.0,38.0
4719,3.7,7.2,81.0,67.0
4725,3.7,7.4,80.0,66.0
4726,2.8,6.8,40.0,60.0
4727,8.0,6.4,88.0,75.0
4728,4.0,6.1,63.0,51.0
4732,3.9,7.6,96.0,59.0
4733,8.5,7.4,97.0,81.0
4735,4.2,7.7,93.0,81.0
4737,4.1,7.5,94.0,78.0
4739,3.8,6.6,83.0,76.0
4740,2.1,6.6,21.0,38.0
4742,6.2,6.2,41.0,56.0
4743,3.8,7.1,83.0,72.0
4745,2.6,6.7,41.0,47.0
4749,2.5,6.0,37.0,51.0
4755,2.0,6.1,23.0,38.0
4757,8.3,7.4,92.0,76.0
4758,4.2,7.5,93.0,84.0
4760,4.3,8.1,90.0,86.0
4764,3.8,6.3,92.0,70.0
4766,2.3,6.5,33.0,42.0
4768,6.5,6.4,90.0,65.0
4770,2.9,6.4,55.0,56.0
4772,4.1,7.6,90.0,80.0
4773,3.7,7.5,81.0,68.0
4777,2.7,7.1,45.0,44.0
4780,4.0,7.0,90.0,81.0
4781,2.5,5.6,50.0,46.0
4787,2.5,6.3,41.0,43.0
4788,1.7,5.1,15.0,34.0
4793,3.1,6.7,64.0,57.0
4794,3.6,7.5,76.0,64.0
4796,3.3,6.8,71.0,59.0
4797,3.7,6.7,89.0,68.0
4803,3.2,7.1,64.0,59.0
4804,4.3,7.7,97.0,86.0
4806,4.0,7.4,94.0,75.0
4808,3.4,6.9,71.0,66.0
4810,3.7,6.7,81.0,75.0
4832,4.7,8.5,100.0,96.0
4834,2.2,5.7,36.0,39.0
4836,5.4,7.2,69.0,59.0
4837,3.8,7.4,81.0,71.0
4841,1.7,5.5,26.0,18.0
4842,4.0,8.1,88.0,74.0
4844,1.7,5.4,20.0,25.0
4851,3.0,6.5,58.0,55.0
4855,4.3,7.6,94.0,87.0
4860,4.0,6.9,92.0,78.0
4864,3.8,7.3,81.0,74.0
4866,3.5,6.6,75.0,68.0
4868,1.7,5.6,18.0,31.0
4869,1.7,4.3,17.0,42.0
4872,4.5,8.2,97.0,91.0
4881,4.5,8.2,97.0,91.0
4883,4.2,8.1,95.0,77.0
4887,3.0,6.5,61.0,54.0
4890,4.5,7.4,98.0,99.0
4892,4.3,7.8,94.0,84.0
4901,2.9,6.5,55.0,57.0
4902,2.2,6.1,26.0,44.0
4903,2.7,5.8,46.0,58.0
4904,1.6,5.5,12.0,27.0
4912,4.2,7.8,96.0,79.0
4915,3.5,6.6,68.0,75.0
4917,3.2,6.8,63.0,60.0
4918,1.4,5.7,8.0,18.0
4921,3.6,7.6,76.0,66.0
4922,7.1,7.2,87.0,82.0
4923,6.8,7.6,98.0,77.0
4924,2.7,6.5,42.0,54.0
4927,1.1,4.3,4.0,18.0
4929,2.8,6.5,52.0,51.0
4930,3.0,6.5,60.0,55.0
4933,2.9,6.4,51.0,56.0
4934,2.9,7.3,55.0,45.0
4935,1.7,5.8,21.0,24.0
4939,3.5,7.8,68.0,63.0
4941,3.5,6.8,81.0,59.0
4943,2.7,6.0,47.0,53.0
4944,2.6,6.3,44.0,52.0
4945,7.5,6.2,100.0,73.0
4948,7.1,6.7,62.0,42.0
4954,4.1,7.4,97.0,76.0
4955,4.3,7.4,97.0,85.0
4959,4.1,7.9,83.0,85.0
4963,3.8,7.5,78.0,74.0
4964,3.0,6.3,63.0,53.0
4965,3.4,6.4,80.0,61.0
4970,2.4,6.0,44.0,38.0
4971,2.9,6.5,60.0,52.0
4972,3.8,7.3,90.0,63.0
4981,3.1,6.5,63.0,59.0
4986,1.8,5.4,21.0,35.0
4989,5.2,7.2,85.0,59.0
4990,4.2,7.2,31.0,34.0
4998,3.1,6.3,73.0,50.0
5000,3.4,6.6,76.0,62.0
5001,2.1,6.0,27.0,37.0
5002,6.7,6.0,90.0,74.0
5005,3.3,6.0,76.0,63.0
5015,3.6,6.2,86.0,68.0
5018,3.0,6.9,53.0,56.0
5020,3.0,6.9,53.0,56.0
5024,7.5,6.8,90.0,87.0
5033,3.0,7.5,49.0,57.0
5049,4.4,8.2,94.0,86.0
5050,3.8,7.2,78.0,75.0
5056,3.8,7.1,79.0,77.0
5059,6.7,5.8,50.0,52.0
5066,2.9,7.4,48.0,51.0
5068,2.6,6.3,48.0,46.0
5076,3.6,6.9,83.0,65.0
5077,3.2,7.0,71.0,51.0
5081,3.3,6.3,75.0,60.0
5083,4.2,7.9,87.0,84.0
5090,2.5,5.8,40.0,52.0
5098,3.0,6.5,54.0,63.0
5104,6.1,5.7,72.0,55.0
5107,3.1,6.1,75.0,52.0
5108,4.2,6.4,71.0,63.0
5128,3.2,7.6,68.0,49.0
5129,3.7,7.4,93.0,55.0
5130,1.7,5.7,11.0,31.0
5133,4.3,8.1,89.0,86.0
5135,5.7,7.5,88.0,54.0
5139,2.1,6.4,22.0,39.0
5141,3.4,6.4,73.0,65.0
5142,5.4,7.2,93.0,77.0
5143,3.4,6.3,73.0,68.0
5147,3.0,6.5,55.0,60.0
5150,3.1,6.5,66.0,58.0
5152,2.1,6.6,23.0,39.0
5155,3.7,7.7,77.0,68.0
5162,3.4,6.7,77.0,61.0
5167,3.3,7.6,63.0,58.0
5168,1.4,5.7,7.0,22.0
5169,1.6,5.0,11.0,33.0
5172,2.2,6.2,28.0,42.0
5174,2.1,6.2,21.0,41.0
5181,8.5,5.6,100.0,61.0
5182,2.6,6.4,43.0,48.0
5183,1.7,5.9,14.0,31.0
5184,3.1,6.9,66.0,54.0
5187,2.1,5.6,26.0,43.0
5188,3.7,6.6,92.0,62.0
5190,4.2,7.9,95.0,76.0
5194,6.4,5.5,77.0,60.0
5195,2.1,6.0,30.0,39.0
5199,2.4,5.8,39.0,49.0
5200,1.3,5.3,14.0,11.0
5203,2.0,6.3,26.0,34.0
5208,3.9,6.7,6.0,43.0
5210,4.4,8.1,93.0,91.0
5212,2.5,6.8,47.0,38.0
5216,1.6,5.6,12.0,26.0
5222,2.6,6.3,42.0,50.0
5223,2.7,6.2,49.0,50.0
5226,3.3,5.7,76.0,68.0
5228,4.4,8.1,93.0,88.0
5229,6.9,6.5,91.0,68.0
5231,3.6,7.5,74.0,67.0
5240,3.1,6.9,62.0,56.0
5242,1.3,4.1,9.0,27.0
5245,8.6,7.2,86.0,66.0
5246,5.9,6.1,88.0,75.0
5249,3.5,7.3,69.0,68.0
5252,2.0,5.7,29.0,32.0
5259,3.7,7.1,83.0,68.0
5261,2.3,6.3,36.0,38.0
5262,6.8,6.7,86.0,73.0
5263,2.5,6.8,32.0,50.0
5265,2.9,7.3,50.0,50.0
5266,2.4,6.5,33.0,46.0
5268,3.9,7.5,85.0,72.0
5275,3.5,6.9,76.0,64.0
5277,3.7,7.7,78.0,69.0
5283,3.9,7.9,84.0,71.0
5285,2.9,7.0,53.0,54.0
5286,1.6,5.0,19.0,25.0
5289,2.4,4.8,50.0,45.0
5292,3.8,6.7,88.0,73.0
5293,3.3,6.8,69.0,61.0
5294,3.9,7.7,83.0,74.0
5295,3.3,6.9,69.0,62.0
5296,2.9,6.5,54.0,58.0
5298,4.0,7.8,91.0,71.0
5301,3.3,6.5,74.0,61.0
5309,2.3,5.8,41.0,42.0
5311,3.8,7.7,80.0,68.0
5313,3.6,7.3,82.0,63.0
5326,8.3,6.8,82.0,78.0
5327,3.9,7.3,86.0,75.0
5331,3.1,7.1,60.0,54.0
5332,2.4,5.7,39.0,49.0
5333,4.1,8.4,82.0,77.0
5338,2.6,6.5,49.0,41.0
5341,3.3,6.3,68.0,62.0
5343,1.5,4.6,9.0,33.0
5347,3.4,7.1,73.0,59.0
5363,4.1,7.6,85.0,83.0
5364,3.1,6.4,66.0,56.0
5365,4.3,8.5,95.0,80.0
5366,1.7,5.3,21.0,28.0
5369,3.0,6.8,63.0,52.0
5373,2.6,7.0,36.0,48.0
5375,2.6,4.3,63.0,49.0
5378,1.3,5.3,2.0,22.0
5384,2.7,6.2,44.0,54.0
5406,2.6,6.2,49.0,47.0
5407,2.3,5.0,50.0,38.0
5408,3.8,7.2,85.0,69.0
5412,4.0,7.3,85.0,79.0
5414,3.9,7.6,87.0,72.0
5415,4.2,7.6,88.0,90.0
5419,1.9,6.2,22.0,33.0
5421,2.6,6.1,48.0,49.0
5423,3.2,5.7,71.0,63.0
5427,3.1,6.6,60.0,58.0
5433,4.2,6.6,60.0,60.0
5440,4.2,7.7,89.0,86.0
5444,2.8,7.0,56.0,42.0
5448,2.9,6.3,55.0,57.0
5452,3.7,6.8,85.0,67.0
5454,1.5,4.5,6.0,38.0
5455,3.5,6.1,82.0,65.0
5458,4.2,5.3,62.0,45.0
5459,3.2,6.4,70.0,60.0
5460,3.2,6.2,72.0,57.0
5462,4.1,7.5,94.0,75.0
5468,3.8,6.9,88.0,69.0
5473,3.4,7.2,62.0,69.0
5477,4.1,7.0,93.0,85.0
5479,3.1,6.8,54.0,63.0
5481,3.1,6.6,59.0,64.0
5482,3.1,6.6,59.0,64.0
5483,1.4,4.6,4.0,33.0
5486,3.1,6.9,61.0,59.0
5492,3.5,6.7,75.0,67.0
5494,2.1,6.0,24.0,42.0
5495,5.4,6.7,53.0,17.0
5498,3.4,6.6,81.0,60.0
5510,3.4,6.9,72.0,65.0
5511,2.4,5.6,43.0,44.0
5514,4.1,7.2,97.0,77.0
5516,3.8,7.2,88.0,70.0
5518,2.7,6.4,50.0,45.0
5522,3.8,7.3,93.0,61.0
5524,2.0,5.7,27.0,36.0
5528,3.5,6.8,75.0,65.0
5529,4.6,8.2,95.0,98.0
5533,2.9,6.3,58.0,56.0
5534,7.4,6.5,76.0,42.0
5535,2.9,7.2,52.0,51.0
5537,4.0,7.7,84.0,81.0
5538,4.0,7.7,84.0,81.0
5542,2.8,5.5,64.0,49.0
5549,3.6,6.3,83.0,68.0
5550,2.8,5.6,58.0,53.0
5551,3.0,5.8,66.0,59.0
5552,1.8,4.6,23.0,40.0
5553,1.5,4.6,14.0,30.0
5554,2.2,5.0,39.0,42.0
5555,3.9,7.0,89.0,72.0
5556,4.7,8.6,98.0,96.0
5560,1.9,6.0,18.0,36.0
5562,2.4,6.2,40.0,42.0
5568,4.7,6.7,72.0,53.0
5575,2.2,5.9,24.0,50.0
5576,2.3,7.0,30.0,41.0
5577,2.0,5.9,19.0,40.0
5578,2.3,5.3,33.0,53.0
5580,3.5,7.3,86.0,53.0
5581,3.5,7.3,86.0,53.0
5582,4.7,7.4,73.0,66.0
5584,1.6,5.4,10.0,29.0
5585,8.9,7.5,94.0,90.0
5587,3.7,6.9,72.0,65.0
5589,3.4,6.9,73.0,64.0
5590,3.7,7.4,81.0,69.0
5592,3.9,6.8,85.0,67.0
5595,3.3,7.0,70.0,57.0
5596,2.1,5.2,34.0,39.0
5597,1.0,4.4,5.0,13.0
5599,4.1,6.6,46.0,52.0
5601,2.5,7.2,39.0,40.0
5602,2.2,6.3,27.0,43.0
5607,3.8,7.4,86.0,69.0
5608,3.4,7.0,87.0,47.0
5611,2.4,7.2,33.0,39.0
5612,2.8,6.7,53.0,48.0
5613,2.8,6.7,53.0,48.0
5615,8.2,7.1,100.0,82.0
5616,3.2,6.7,73.0,53.0
5621,1.8,6.5,12.0,29.0
5624,1.6,5.7,10.0,31.0
5628,7.8,6.6,81.0,63.0
5631,3.2,7.5,59.0,56.0
5635,4.3,8.1,90.0,86.0
5640,3.6,6.1,80.0,77.0
5643,2.8,5.7,57.0,57.0
5644,2.6,6.6,51.0,38.0
5645,1.8,4.9,22.0,35.0
5646,3.5,6.8,77.0,64.0
5648,3.0,6.6,63.0,51.0
5652,4.3,7.5,91.0,90.0
5654,4.1,7.6,91.0,77.0
5659,6.4,6.8,79.0,65.0
5661,3.9,7.4,88.0,72.0
5663,8.3,7.5,97.0,64.0
5664,2.4,5.5,47.0,44.0
5666,5.1,5.6,73.0,63.0
5671,5.8,5.8,69.0,60.0
5674,3.5,6.9,75.0,64.0
5684,4.1,7.4,73.0,99.0
5686,3.0,7.1,60.0,49.0
5687,3.6,7.1,81.0,66.0
5688,3.2,6.4,65.0,63.0
5689,2.1,5.8,29.0,40.0
5690,1.7,5.5,17.0,27.0
5693,2.0,6.0,23.0,39.0
5695,2.5,5.7,44.0,50.0
5697,4.3,8.1,88.0,92.0
5699,1.5,5.7,4.0,27.0
5700,1.7,6.0,14.0,30.0
5705,4.5,6.6,88.0,65.0
5710,2.2,5.7,38.0,37.0
5711,1.6,5.3,11.0,34.0
5712,3.3,7.3,70.0,58.0
5713,3.1,6.6,68.0,53.0
5716,1.7,6.3,19.0,19.0
5719,2.1,5.8,31.0,39.0
5720,2.1,5.4,40.0,33.0
5721,2.7,6.7,55.0,41.0
5722,4.1,7.6,93.0,78.0
5723,3.7,7.1,83.0,68.0
5729,3.9,7.3,85.0,77.0
5730,2.0,5.5,27.0,39.0
5731,4.2,7.7,91.0,86.0
5734,7.5,6.3,82.0,63.0
5735,4.2,7.7,95.0,83.0
5739,2.3,5.7,33.0,50.0
5743,1.6,5.3,8.0,35.0
5748,2.5,5.9,50.0,44.0
5750,2.2,6.3,22.0,46.0
5751,4.1,7.3,92.0,78.0
5752,3.4,7.8,81.0,45.0
5753,2.3,6.3,31.0,46.0
5754,3.0,6.4,65.0,51.0
5755,3.8,7.5,84.0,69.0
5758,1.6,5.9,8.0,29.0
5759,3.8,6.8,91.0,67.0
5765,4.1,7.8,91.0,79.0
5767,4.1,7.8,86.0,82.0
5768,2.5,5.8,46.0,45.0
5769,1.9,5.7,15.0,41.0
5771,3.3,7.7,76.0,47.0
5773,3.6,6.4,82.0,73.0
5774,2.9,6.7,58.0,50.0
5777,4.2,8.4,93.0,76.0
5786,3.9,8.1,81.0,70.0
5787,4.1,7.2,93.0,83.0
5790,1.4,5.5,0.0,27.0
5792,3.8,7.1,87.0,68.0
5798,2.4,6.6,28.0,48.0
5800,1.1,3.9,7.0,17.0
5801,7.8,7.1,97.0,77.0
5802,3.4,7.0,73.0,64.0
5804,2.4,6.2,39.0,45.0
5805,3.6,6.3,88.0,68.0
5809,4.6,8.5,96.0,97.0
5819,7.0,6.0,58.0,57.0
5820,4.6,8.9,92.0,94.0
5821,3.5,6.6,74.0,70.0
5827,3.2,6.6,70.0,55.0
5828,2.0,6.1,23.0,36.0
5830,4.2,7.4,100.0,78.0
5831,3.6,6.6,86.0,65.0
5835,5.2,6.7,83.0,66.0
5847,3.1,6.6,64.0,58.0
5848,2.8,5.9,56.0,53.0
5849,3.5,6.8,80.0,64.0
5855,1.9,5.7,18.0,39.0
5866,3.0,6.9,59.0,51.0
5867,6.8,7.6,82.0,60.0
5872,3.1,7.1,62.0,56.0
5876,2.2,5.2,35.0,43.0
5884,1.5,5.0,12.0,28.0
5888,3.9,8.0,89.0,65.0
5890,7.7,5.9,67.0,55.0
5892,6.6,7.2,96.0,83.0
5899,2.5,7.0,37.0,46.0
5901,2.6,6.1,52.0,45.0
5904,1.8,5.3,15.0,38.0
5906,3.9,7.2,88.0,75.0
5910,3.4,6.7,75.0,60.0
5912,4.6,8.2,98.0,98.0
5917,3.5,7.7,81.0,54.0
5918,3.8,7.7,79.0,73.0
5921,4.0,7.6,93.0,71.0
5925,3.5,7.5,72.0,64.0
5926,3.1,7.1,60.0,56.0
5928,3.1,7.1,60.0,56.0
5929,3.3,6.6,66.0,67.0
5930,1.6,5.7,22.0,19.0
5931,4.5,8.1,100.0,86.0
5933,3.1,6.7,30.0,46.0
5947,3.4,7.0,72.0,60.0
5948,2.6,6.6,44.0,47.0
5950,1.7,5.4,15.0,31.0
5952,3.3,7.2,68.0,60.0
5954,3.1,6.1,67.0,61.0
5955,8.1,6.7,86.0,68.0
5956,1.6,5.5,10.0,29.0
5957,2.7,6.6,45.0,53.0
5958,2.9,6.2,60.0,50.0
5959,2.6,6.2,49.0,43.0
5965,1.7,5.7,15.0,32.0
5979,2.3,7.1,27.0,40.0
5980,5.8,6.4,55.0,53.0
5983,2.2,6.2,25.0,48.0
5987,1.4,5.5,11.0,19.0
5991,4.2,6.9,98.0,82.0
5992,1.9,6.3,22.0,32.0
5993,4.3,7.4,88.0,79.0
5995,3.8,8.3,79.0,68.0
5996,4.0,7.3,90.0,77.0
5997,4.2,8.3,92.0,79.0
5998,2.2,6.7,35.0,33.0
5999,1.9,5.8,22.0,37.0
6000,2.4,5.5,37.0,49.0
6002,6.3,7.0,76.0,65.0
6009,5.2,5.4,84.0,73.0
6015,1.3,5.2,0.0,28.0
6019,8.3,7.4,88.0,70.0
6022,3.5,7.3,67.0,69.0
6034,2.1,5.4,24.0,49.0
6036,3.0,5.9,65.0,54.0
6039,2.8,6.4,57.0,49.0
6041,5.6,5.7,52.0,48.0
6042,2.0,6.2,18.0,41.0
6043,6.6,7.0,68.0,47.0
6044,7.9,6.8,93.0,63.0
6045,6.3,7.3,80.0,73.0
6046,2.6,6.5,49.0,43.0
6047,1.9,6.0,18.0,36.0
6052,1.3,4.5,8.0,25.0
6056,3.4,6.9,72.0,63.0
6057,2.7,6.3,48.0,49.0
6060,3.4,7.3,75.0,58.0
6061,6.6,6.5,63.0,62.0
6062,3.8,7.6,81.0,68.0
6063,2.8,6.3,53.0,51.0
6068,7.2,7.1,84.0,74.0
6069,2.3,6.6,37.0,36.0
6072,3.8,7.7,81.0,72.0
6074,2.9,6.4,57.0,55.0
6077,1.7,5.3,15.0,32.0
6078,2.7,6.6,43.0,53.0
6079,2.5,6.7,40.0,44.0
6083,2.7,6.1,48.0,52.0
6084,3.2,6.3,64.0,64.0
6089,3.1,7.3,60.0,53.0
6092,4.1,8.1,94.0,70.0
6093,3.5,7.1,77.0,63.0
6095,3.4,7.3,71.0,61.0
6096,3.1,6.8,63.0,57.0
6097,2.5,6.9,40.0,40.0
6098,2.3,5.3,31.0,55.0
6104,3.4,6.8,77.0,61.0
6107,6.5,7.6,92.0,86.0
6110,4.2,8.0,97.0,78.0
6111,2.9,6.5,54.0,58.0
6115,7.7,5.4,80.0,58.0
6117,3.7,6.9,86.0,69.0
6118,3.3,6.7,72.0,60.0
6120,2.4,6.1,32.0,52.0
6124,3.5,7.3,68.0,67.0
6130,4.3,8.1,93.0,86.0
6142,4.5,8.0,96.0,96.0
6145,2.5,5.2,44.0,51.0
6148,3.8,6.6,88.0,73.0
6154,5.7,7.5,82.0,75.0
6156,3.7,7.5,78.0,71.0
6158,3.3,6.1,76.0,62.0
6160,2.9,5.7,55.0,60.0
6161,3.5,6.8,80.0,61.0
6162,1.8,5.5,19.0,35.0
6163,3.1,6.6,59.0,59.0
6166,2.3,5.6,46.0,39.0
6180,4.0,8.1,88.0,74.0
6181,3.2,7.0,61.0,60.0
6182,2.8,6.6,52.0,48.0
6183,2.1,6.2,18.0,44.0
6192,3.8,7.5,82.0,73.0
6193,5.0,5.9,84.0,59.0
6198,2.5,6.0,48.0,45.0
6203,2.0,5.7,22.0,41.0
6204,3.1,6.3,65.0,56.0
6209,3.0,6.5,58.0,55.0
6210,1.9,6.7,13.0,34.0
6211,2.9,6.7,53.0,52.0
6212,3.9,7.0,91.0,72.0
6215,2.3,6.0,38.0,41.0
6235,3.2,6.4,62.0,65.0
6241,4.3,6.6,40.0,47.0
6243,8.5,6.4,93.0,64.0
6248,2.5,6.1,49.0,43.0
6249,2.2,5.9,30.0,42.0
6250,2.6,6.3,47.0,45.0
6253,2.0,5.2,27.0,40.0
6264,3.4,7.5,72.0,59.0
6275,3.8,6.8,82.0,77.0
6276,3.5,6.1,82.0,66.0
6277,2.9,6.5,50.0,59.0
6279,5.1,7.3,90.0,70.0
6280,3.3,6.2,83.0,53.0
6283,7.1,5.9,68.0,56.0
6284,4.5,8.6,93.0,91.0
6286,2.4,6.6,36.0,40.0
6287,2.3,6.2,28.0,48.0
6288,2.1,6.0,39.0,30.0
6295,3.7,7.3,75.0,72.0
6296,3.8,8.3,82.0,65.0
6298,2.7,6.2,52.0,48.0
6299,1.6,5.3,15.0,29.0
6300,2.3,5.5,35.0,49.0
6301,2.1,5.1,35.0,40.0
6302,0.8,3.5,4.0,11.0
6303,3.3,6.2,77.0,61.0
6304,3.8,8.0,89.0,59.0
6306,4.7,8.9,97.0,94.0
6309,4.5,6.0,56.0,52.0
6311,4.1,7.1,91.0,82.0
6318,1.9,5.1,31.0,35.0
6319,1.8,5.1,22.0,34.0
6321,2.6,6.6,41.0,48.0
6323,3.8,7.5,82.0,69.0
6324,2.3,6.3,44.0,32.0
6326,2.9,6.1,60.0,52.0
6331,4.1,7.6,89.0,78.0
6333,7.0,6.9,77.0,61.0
6334,3.5,6.8,76.0,66.0
6337,4.0,7.6,92.0,71.0
6338,1.6,5.4,11.0,28.0
6345,2.5,5.8,44.0,46.0
6353,2.5,6.3,39.0,45.0
6356,5.7,7.5,94.0,84.0
6359,2.6,6.6,46.0,46.0
6360,3.5,7.0,76.0,63.0
6366,2.4,6.9,28.0,44.0
6368,4.0,5.2,95.0,74.0
6369,2.1,4.8,34.0,46.0
6370,8.4,6.9,100.0,68.0
6376,3.3,6.8,65.0,67.0
6379,4.2,7.5,99.0,80.0
6381,2.1,5.8,22.0,47.0
6382,4.3,8.5,93.0,79.0
6384,4.3,7.6,97.0,84.0
6388,7.8,7.0,75.0,63.0
6393,1.8,5.4,16.0,36.0
6394,3.0,6.9,58.0,52.0
6395,1.9,5.4,20.0,37.0
6396,3.9,7.8,82.0,74.0
6402,3.6,6.5,92.0,62.0
6408,3.9,8.6,83.0,65.0
6409,2.3,7.6,27.0,36.0
6410,3.7,7.2,83.0,66.0
6415,3.1,7.1,60.0,55.0
6417,1.6,5.5,12.0,30.0
6418,1.5,4.5,16.0,27.0
6419,2.6,5.6,49.0,53.0
6420,2.7,6.5,46.0,49.0
6422,1.7,5.1,16.0,36.0
6424,4.2,7.2,96.0,86.0
6425,7.6,6.9,89.0,58.0
6426,4.1,7.0,94.0,81.0
6429,2.3,6.4,33.0,40.0
6430,2.9,5.9,67.0,50.0
6432,3.9,7.6,91.0,68.0
6433,2.6,5.9,49.0,48.0
6434,3.7,7.2,79.0,72.0
6438,3.3,6.9,74.0,53.0
6440,2.4,6.0,36.0,48.0
6443,4.1,7.9,92.0,76.0
6445,4.2,7.3,99.0,81.0
6449,3.9,7.0,90.0,71.0
6455,7.2,7.0,75.0,63.0
6461,3.4,7.6,69.0,57.0
6462,3.0,7.5,59.0,48.0
6465,2.5,5.9,40.0,51.0
6467,2.5,6.1,44.0,45.0
6469,4.0,6.8,91.0,79.0
6470,2.8,6.4,58.0,46.0
6471,2.5,6.3,43.0,45.0
6483,3.2,7.0,60.0,63.0
6484,7.1,7.4,100.0,88.0
6487,3.4,6.4,85.0,58.0
6490,3.0,6.7,67.0,49.0
6492,2.9,7.2,47.0,53.0
6496,4.0,4.7,47.0,53.0
6497,3.3,7.3,69.0,59.0
6499,3.0,6.3,58.0,58.0
6501,2.7,6.1,42.0,58.0
6505,1.3,4.8,7.0,25.0
6507,3.5,8.2,68.0,63.0
6511,1.5,4.3,12.0,34.0
6512,4.2,7.6,92.0,82.0
6513,3.2,7.1,63.0,61.0
6515,3.8,7.1,81.0,75.0
6516,4.4,7.5,97.0,94.0
6518,3.0,5.8,61.0,60.0
6521,3.9,7.2,83.0,79.0
6522,4.5,8.6,96.0,85.0
6524,2.1,6.5,31.0,31.0
6525,1.3,5.0,10.0,16.0
6526,4.0,5.2,64.0,53.0
6531,4.2,7.7,92.0,81.0
6533,3.5,7.2,76.0,64.0
6534,6.2,6.4,77.0,63.0
6535,3.9,8.0,77.0,74.0
6536,2.6,6.5,43.0,46.0
6540,3.4,7.1,72.0,59.0
6541,4.2,7.9,95.0,79.0
6542,3.4,7.1,72.0,59.0
6546,3.0,6.4,53.0,63.0
6549,3.1,6.8,63.0,53.0
6550,1.7,5.3,15.0,32.0
6559,3.0,6.0,60.0,58.0
6560,8.7,7.2,92.0,71.0
6568,7.0,6.9,84.0,62.0
6571,2.4,5.7,38.0,50.0
6577,1.4,4.4,16.0,26.0
6579,2.6,5.8,48.0,51.0
6583,2.2,5.3,38.0,39.0
6585,4.2,7.2,100.0,77.0
6586,3.2,6.5,64.0,64.0
6587,2.2,6.3,20.0,48.0
6589,1.9,5.6,25.0,34.0
6590,3.6,6.8,75.0,72.0
6591,6.7,6.6,97.0,75.0
6594,3.4,7.3,69.0,65.0
6596,4.4,5.9,78.0,62.0
6597,1.2,3.2,8.0,30.0
6598,3.9,6.9,92.0,72.0
6599,4.2,8.0,91.0,84.0
6601,3.4,6.6,76.0,60.0
6605,3.3,7.0,80.0,50.0
6606,2.4,6.7,31.0,45.0
6607,2.3,6.0,40.0,40.0
6608,3.0,5.4,69.0,58.0
6609,3.5,8.3,73.0,55.0
6610,2.1,4.5,36.0,45.0
6611,3.6,7.1,79.0,65.0
6612,2.9,6.4,57.0,51.0
6613,2.8,6.1,49.0,57.0
6615,3.2,7.3,61.0,58.0
6616,4.1,7.1,94.0,84.0
6617,4.1,7.1,94.0,84.0
6619,7.4,6.1,71.0,52.0
6621,4.9,6.7,82.0,66.0
6622,2.8,6.4,51.0,54.0
6631,2.1,6.4,25.0,36.0
6638,2.9,6.1,65.0,48.0
6642,1.2,5.7,6.0,11.0
6645,3.4,6.2,82.0,63.0
6646,2.2,6.1,42.0,32.0
6648,1.8,5.9,15.0,36.0
6652,3.4,6.7,72.0,66.0
6654,2.7,7.2,61.0,29.0
6658,2.9,6.4,62.0,49.0
6660,1.9,5.7,21.0,37.0
6662,4.4,7.5,96.0,91.0
6663,0.8,2.2,6.0,20.0
6666,4.4,8.1,99.0,85.0
6667,2.6,5.7,44.0,54.0
6669,7.6,7.1,88.0,68.0
6671,2.9,6.5,63.0,47.0
6676,3.7,7.6,78.0,68.0
6679,4.0,6.9,93.0,80.0
6682,2.8,7.0,45.0,53.0
6684,4.0,7.5,92.0,74.0
6685,3.8,7.7,80.0,73.0
6686,3.2,7.4,60.0,57.0
6687,5.0,6.3,92.0,74.0
6694,2.8,6.5,43.0,59.0
6699,2.8,6.4,53.0,48.0
6702,1.7,5.3,17.0,34.0
6707,1.8,5.8,17.0,36.0
6708,1.9,6.4,15.0,37.0
6710,2.5,5.8,43.0,49.0
6711,1.2,4.5,9.0,19.0
6713,7.0,5.9,55.0,46.0
6714,1.1,3.9,4.0,23.0
6715,2.3,6.0,41.0,37.0
6719,1.8,6.1,11.0,35.0
6721,3.9,7.3,90.0,73.0
6722,4.2,7.3,93.0,83.0
6723,3.1,6.2,63.0,59.0
6724,3.9,7.5,91.0,69.0
6725,4.0,7.4,92.0,73.0
6726,4.5,8.4,97.0,87.0
6734,3.2,7.2,70.0,52.0
6735,4.7,8.6,97.0,96.0
6738,3.5,7.3,77.0,62.0
6742,4.5,8.1,97.0,93.0
6743,4.5,8.1,97.0,93.0
6744,3.0,5.3,67.0,63.0
6748,4.0,7.0,95.0,75.0
6749,3.3,7.1,66.0,63.0
6750,3.6,5.5,93.0,71.0
6751,3.2,5.2,75.0,66.0
6752,2.4,4.3,45.0,57.0
6753,1.6,3.5,22.0,37.0
6758,3.5,7.2,77.0,64.0
6761,4.1,8.1,91.0,75.0
6762,2.4,6.5,36.0,41.0
6763,3.7,6.1,56.0,36.0
6766,4.2,7.9,94.0,82.0
6767,3.8,7.1,86.0,68.0
6768,3.9,7.7,84.0,72.0
6772,4.0,7.6,92.0,71.0
6773,2.8,6.6,47.0,55.0
6774,3.0,6.4,54.0,64.0
6775,2.6,6.4,39.0,51.0
6780,3.6,7.6,76.0,66.0
6783,3.8,7.7,81.0,69.0
6785,3.1,7.2,65.0,51.0
6788,3.6,7.1,84.0,64.0
6791,1.4,5.1,10.0,24.0
6794,1.2,4.7,0.0,23.0
6795,8.8,7.5,95.0,69.0
6796,1.6,5.1,12.0,35.0
6797,3.2,6.9,59.0,66.0
6798,3.3,7.3,68.0,56.0
6803,8.7,6.8,96.0,81.0
6804,2.9,6.9,55.0,51.0
6805,2.2,6.5,21.0,48.0
6806,2.3,6.2,28.0,50.0
6807,2.6,6.2,47.0,45.0
6808,2.5,6.0,42.0,45.0
6809,2.5,6.4,41.0,43.0
6810,2.9,6.8,46.0,58.0
6813,4.0,7.2,85.0,82.0
6821,4.3,7.4,64.0,45.0
6822,3.2,6.8,67.0,56.0
6823,3.4,7.0,68.0,67.0
6825,2.0,5.5,20.0,43.0
6827,2.1,5.5,25.0,44.0
6832,3.2,6.8,66.0,56.0
6836,4.0,7.8,89.0,72.0
6837,7.9,6.8,93.0,66.0
6838,6.2,5.8,56.0,55.0
6840,7.3,5.9,58.0,57.0
6842,4.1,6.9,94.0,82.0
6843,3.6,7.5,73.0,67.0
6847,7.3,4.8,56.0,54.0
6856,3.7,6.9,86.0,68.0
6857,1.6,4.5,11.0,37.0
6862,7.4,6.4,100.0,86.0
6863,3.9,6.9,90.0,76.0
6867,3.1,5.9,67.0,61.0
6868,3.4,5.5,81.0,66.0
6869,3.0,7.2,58.0,49.0
6872,7.6,7.0,90.0,70.0
6873,7.7,7.2,73.0,76.0
6880,1.9,6.0,22.0,33.0
6884,2.9,6.7,56.0,52.0
6886,3.5,6.9,73.0,66.0
6892,2.1,6.0,26.0,40.0
6897,3.9,7.4,85.0,74.0
6900,3.3,6.7,72.0,57.0
6916,3.5,7.2,77.0,64.0
6917,5.5,6.6,90.0,66.0
6919,3.7,7.0,81.0,72.0
6921,1.7,4.1,24.0,35.0
6924,4.0,7.6,88.0,76.0
6927,1.6,4.5,17.0,33.0
6928,1.2,3.7,11.0,24.0
6929,3.4,6.0,75.0,72.0
6931,4.1,7.3,94.0,80.0
6935,5.8,6.4,91.0,85.0
6938,2.3,5.6,37.0,45.0
6939,3.5,6.7,79.0,64.0
6945,1.5,5.6,8.0,28.0
6946,1.5,5.6,8.0,28.0
6950,4.1,7.4,93.0,79.0
6956,4.0,7.3,86.0,83.0
6957,3.8,7.4,85.0,60.0
6958,5.5,6.9,96.0,87.0
6962,1.8,6.7,15.0,27.0
6963,4.2,6.2,79.0,72.0
6965,1.0,3.6,5.0,18.0
6967,3.4,7.0,72.0,64.0
6974,2.0,6.5,25.0,32.0
6975,2.6,6.3,37.0,56.0
6976,3.1,7.6,54.0,56.0
6977,3.6,6.9,73.0,76.0
6979,3.7,7.2,81.0,67.0
6981,2.0,5.8,25.0,40.0
6986,2.9,6.5,56.0,56.0
6987,5.5,6.1,60.0,52.0
6990,5.8,6.1,70.0,56.0
6991,2.2,6.3,28.0,42.0
6996,3.5,6.6,79.0,68.0
6997,5.8,6.4,62.0,54.0
6998,3.1,7.8,59.0,51.0
6999,2.2,6.3,22.0,45.0
7000,1.6,6.0,12.0,26.0
7001,2.2,6.2,28.0,45.0
7002,2.0,6.3,22.0,38.0
7004,3.6,7.2,81.0,65.0
7013,4.3,7.9,92.0,86.0
7016,3.4,6.6,71.0,66.0
7018,1.9,4.9,24.0,39.0
7026,8.7,7.1,94.0,78.0
7029,2.1,5.8,25.0,43.0
7032,4.5,8.2,96.0,94.0
7039,2.8,4.6,57.0,64.0
7040,3.5,7.2,77.0,64.0
7043,2.5,6.6,33.0,48.0
7044,3.3,6.9,69.0,62.0
7045,2.6,6.3,44.0,48.0
7050,4.3,6.1,71.0,57.0
7052,3.8,6.8,91.0,69.0
7057,1.8,5.8,21.0,31.0
7058,2.3,6.0,38.0,40.0
7059,2.4,6.1,35.0,45.0
7060,1.9,4.8,23.0,40.0
7061,2.6,6.8,40.0,51.0
7065,4.2,7.5,93.0,82.0
7070,2.9,6.8,52.0,55.0
7072,1.7,5.4,21.0,27.0
7073,4.2,8.5,93.0,75.0
7074,3.3,6.3,69.0,66.0
7075,2.1,6.3,27.0,38.0
7076,2.5,6.5,33.0,49.0
7082,6.2,6.8,88.0,74.0
7087,2.4,5.7,37.0,49.0
7089,3.5,6.6,77.0,68.0
7090,2.8,6.4,50.0,54.0
7092,2.0,6.2,22.0,36.0
7103,3.3,7.1,68.0,58.0
7104,2.0,5.3,23.0,45.0
7108,3.8,7.1,85.0,73.0
7111,1.7,5.2,15.0,33.0
7112,2.5,5.9,40.0,49.0
7114,2.4,6.3,38.0,41.0
7115,3.8,7.5,89.0,62.0
7119,2.9,7.3,51.0,51.0
7122,3.2,6.9,64.0,57.0
7123,3.3,7.0,71.0,60.0
7125,6.8,5.8,77.0,59.0
7127,1.6,3.6,19.0,38.0
7129,3.6,7.3,74.0,68.0
7134,2.9,7.2,54.0,51.0
7135,4.1,7.2,84.0,90.0
7136,4.9,7.1,100.0,78.0
7139,3.5,6.9,72.0,66.0
7140,2.8,6.6,51.0,53.0
7142,3.2,6.3,66.0,61.0
7145,4.3,7.0,94.0,60.0
7149,2.5,6.3,43.0,43.0
7150,3.3,6.4,73.0,60.0
7152,3.0,5.8,62.0,59.0
7153,1.0,4.1,3.0,18.0
7154,3.0,6.2,65.0,56.0
7157,3.6,6.7,84.0,65.0
7158,1.7,5.7,16.0,30.0
7159,4.4,7.9,95.0,89.0
7160,3.7,6.3,80.0,80.0
7162,3.7,7.5,76.0,68.0
7164,6.1,6.1,53.0,55.0
7166,1.8,5.4,15.0,37.0
7167,2.7,6.7,49.0,47.0
7168,5.8,7.7,75.0,55.0
7169,0.9,3.8,5.0,12.0
7170,4.0,7.5,86.0,77.0
7171,3.0,6.5,62.0,53.0
7173,3.9,7.4,85.0,76.0
7174,4.2,6.8,98.0,86.0
7180,2.7,5.3,47.0,62.0
7181,4.0,7.3,89.0,79.0
7182,5.7,6.3,79.0,64.0
7183,3.7,7.2,80.0,69.0
7185,3.8,7.6,81.0,70.0
7190,5.3,7.1,64.0,60.0
7191,2.2,6.7,20.0,43.0
7192,2.8,5.5,56.0,55.0
7196,4.1,7.8,96.0,72.0
7197,5.4,7.4,70.0,48.0
7201,3.6,6.3,79.0,77.0
7202,1.6,5.5,13.0,25.0
7203,4.4,6.6,43.0,54.0
7204,3.0,7.2,54.0,49.0
7206,3.0,7.8,56.0,49.0
7208,3.4,6.4,74.0,66.0
7212,2.2,6.1,43.0,31.0
7213,4.1,7.8,88.0,81.0
7215,4.3,7.5,98.0,86.0
7218,6.3,8.1,91.0,73.0
7222,8.5,7.4,100.0,69.0
7223,6.2,6.6,7.0,26.0
7225,3.9,6.5,86.0,81.0
7226,5.7,6.5,81.0,68.0
7227,8.1,7.7,100.0,74.0
7229,3.2,7.6,66.0,53.0
7230,3.0,5.6,60.0,66.0
7233,1.6,5.8,8.0,31.0
7235,3.5,7.9,73.0,60.0
7236,8.9,6.9,97.0,87.0
7238,2.2,6.3,33.0,39.0
7241,2.8,6.9,46.0,53.0
7242,2.0,6.6,22.0,31.0
7243,3.7,7.3,83.0,67.0
7244,3.0,6.5,56.0,62.0
7245,2.5,7.8,28.0,44.0
7246,1.8,6.3,23.0,24.0
7249,2.8,6.3,53.0,50.0
7252,1.5,5.6,12.0,22.0
7253,3.8,7.9,83.0,68.0
7254,3.0,6.6,55.0,61.0
7255,3.9,7.7,82.0,73.0
7256,4.3,8.0,92.0,85.0
7257,2.2,6.0,29.0,42.0
7259,1.5,4.7,12.0,30.0
7261,3.8,7.6,86.0,68.0
7264,2.9,6.0,62.0,54.0
7265,3.7,7.1,82.0,70.0
7266,2.8,6.7,44.0,56.0
7267,4.2,7.7,95.0,78.0
7270,3.9,7.8,89.0,66.0
7271,2.3,5.8,34.0,45.0
7274,3.9,7.6,90.0,69.0
7275,5.8,6.5,63.0,50.0
7276,2.4,6.2,37.0,44.0
7277,8.7,6.7,97.0,77.0
7278,2.6,7.4,41.0,42.0
7281,7.7,6.6,92.0,65.0
7285,2.3,7.6,33.0,30.0
7287,1.6,4.2,19.0,37.0
7289,3.9,7.0,92.0,72.0
7291,2.8,6.1,53.0,56.0
7293,7.0,7.2,98.0,74.0
7296,2.7,6.7,44.0,51.0
7297,2.9,6.1,66.0,50.0
7299,2.1,5.9,29.0,36.0
7304,3.9,7.2,91.0,70.0
7305,1.6,5.1,12.0,30.0
7309,1.9,6.0,12.0,45.0
7311,2.1,6.3,25.0,39.0
7312,3.7,7.8,82.0,64.0
7316,3.4,6.7,74.0,62.0
7317,7.2,7.2,78.0,67.0
7318,1.7,6.6,11.0,26.0
7320,3.1,7.0,67.0,52.0
7324,2.2,6.7,29.0,38.0
7325,1.8,5.3,15.0,43.0
7326,1.8,5.3,15.0,43.0
7329,4.5,8.1,96.0,90.0
7333,3.5,6.8,78.0,65.0
7335,3.8,7.0,85.0,72.0
7336,1.9,5.5,20.0,37.0
7338,1.5,5.8,10.0,23.0
7341,1.3,4.9,4.0,22.0
7342,2.0,6.4,29.0,29.0
7343,4.0,7.8,81.0,78.0
7344,3.2,6.6,69.0,55.0
7345,2.9,6.3,56.0,56.0
7347,3.3,7.6,61.0,60.0
7348,1.6,6.0,15.0,23.0
7353,3.8,7.5,86.0,68.0
7354,4.0,7.4,83.0,82.0
7356,2.4,5.5,40.0,48.0
7358,2.2,5.3,33.0,48.0
7360,1.3,5.3,4.0,19.0
7362,2.9,6.4,55.0,55.0
7367,3.3,7.2,72.0,55.0
7370,2.0,5.9,25.0,34.0
7373,4.1,5.5,70.0,57.0
7374,3.6,7.8,71.0,70.0
7376,2.5,6.5,31.0,55.0
7377,2.0,5.3,28.0,41.0
7379,2.3,6.6,26.0,46.0
7380,3.4,7.1,67.0,66.0
7383,4.5,9.0,94.0,84.0
7384,4.2,8.4,87.0,78.0
7385,1.8,5.6,16.0,34.0
7386,1.3,4.9,12.0,18.0
7387,1.2,4.5,3.0,27.0
7388,4.4,8.1,100.0,81.0
7389,2.6,6.4,45.0,47.0
7390,8.0,7.0,91.0,83.0
7394,1.9,5.5,20.0,40.0
7396,5.9,6.3,69.0,59.0
7397,2.7,6.3,55.0,46.0
7398,7.9,7.3,96.0,76.0
7399,4.3,7.9,93.0,86.0
7400,4.2,7.2,95.0,88.0
7401,3.5,6.8,77.0,65.0
7409,4.3,8.5,90.0,85.0
7410,4.1,7.3,88.0,84.0
7415,3.4,6.9,75.0,62.0
7416,3.3,7.5,63.0,60.0
7418,2.9,7.1,54.0,52.0
7420,2.5,6.2,35.0,53.0
7422,2.9,6.8,55.0,53.0
7424,3.0,6.4,57.0,58.0
7426,2.0,5.3,24.0,46.0
7427,3.5,4.5,46.0,57.0
7429,3.8,7.7,79.0,73.0
7430,3.1,6.3,65.0,57.0
7433,4.0,7.4,91.0,76.0
7436,2.7,6.3,45.0,54.0
7438,1.7,5.7,11.0,33.0
7441,1.5,5.7,9.0,22.0
7442,2.0,5.9,21.0,37.0
7446,3.2,7.2,60.0,62.0
7447,2.9,7.1,58.0,47.0
7448,3.8,7.1,89.0,69.0
7450,3.2,6.9,62.0,62.0
7451,3.2,6.9,62.0,62.0
7453,3.2,6.5,73.0,56.0
7454,1.6,5.1,14.0,33.0
7456,2.6,6.2,39.0,55.0
7459,4.2,7.2,97.0,81.0
7460,4.1,7.3,94.0,77.0
7461,3.5,7.5,70.0,68.0
7464,4.2,8.1,92.0,78.0
7465,7.5,7.0,81.0,71.0
7468,0.9,3.3,7.0,12.0
7470,6.0,6.2,60.0,46.0
7473,4.0,6.5,92.0,80.0
7476,2.8,6.7,64.0,35.0
7479,3.1,7.2,60.0,57.0
7480,2.8,6.7,51.0,50.0
7484,2.2,6.7,20.0,46.0
7486,4.1,8.0,83.0,81.0
7488,2.0,6.1,28.0,34.0
7489,2.5,6.5,42.0,45.0
7490,3.1,6.6,67.0,51.0
7491,2.1,6.1,32.0,35.0
7493,7.2,6.1,60.0,55.0
7500,2.2,6.3,28.0,42.0
7501,4.4,6.1,83.0,67.0
7502,2.7,6.8,53.0,42.0
7503,3.0,6.8,53.0,58.0
7504,2.4,6.0,37.0,45.0
7506,3.2,6.7,67.0,56.0
7507,3.8,7.7,81.0,69.0
7512,3.3,7.7,71.0,52.0
7513,2.4,6.2,35.0,49.0
7514,4.1,7.8,90.0,79.0
7516,1.8,5.2,28.0,30.0
7519,7.0,6.4,84.0,67.0
7521,3.3,6.8,75.0,58.0
7522,6.1,7.1,82.0,62.0
7524,2.7,5.2,56.0,54.0
7525,2.9,6.4,50.0,58.0
7528,3.1,6.2,63.0,62.0
7531,1.8,4.9,20.0,38.0
7532,4.4,7.6,96.0,92.0
7533,6.8,6.5,64.0,67.0
7534,3.8,7.0,83.0,75.0
7535,2.4,6.6,36.0,40.0
7537,3.1,6.6,63.0,57.0
7539,3.2,7.0,65.0,55.0
7541,1.5,4.8,10.0,34.0
7543,1.6,5.8,9.0,32.0
7548,3.6,7.2,81.0,66.0
7552,3.1,7.1,64.0,52.0
7553,5.3,7.4,67.0,59.0
7554,3.0,6.1,59.0,61.0
7555,4.3,7.8,96.0,87.0
7556,3.4,7.3,77.0,55.0
7559,2.7,6.1,44.0,55.0
7562,2.2,6.4,21.0,47.0
7564,5.0,6.7,75.0,62.0
7571,2.6,6.5,44.0,48.0
7574,3.6,6.6,86.0,67.0
7575,3.9,7.8,87.0,71.0
7576,2.5,6.5,35.0,47.0
7577,3.0,7.2,52.0,56.0
7578,1.9,5.8,21.0,34.0
7579,4.8,9.2,98.0,100.0
7580,4.6,9.0,98.0,90.0
7581,3.4,7.6,68.0,60.0
7583,2.0,6.0,23.0,37.0
7585,2.1,6.3,24.0,40.0
7589,3.1,6.6,63.0,55.0
7591,3.0,6.7,55.0,61.0
7592,4.6,8.8,97.0,90.0
7593,3.7,7.3,82.0,69.0
7594,3.6,7.8,76.0,62.0
7601,4.3,8.1,92.0,88.0
7602,3.6,6.6,78.0,73.0
7605,4.2,7.8,91.0,86.0
7612,4.4,8.2,94.0,86.0
7613,2.9,7.2,48.0,55.0
7614,5.7,6.5,65.0,47.0
7618,3.6,7.3,74.0,71.0
7621,3.0,7.6,57.0,48.0
7622,2.3,5.8,44.0,39.0
7623,2.1,5.3,38.0,38.0
7624,3.8,8.6,78.0,61.0
7628,2.5,5.9,40.0,49.0
7629,1.6,5.1,12.0,33.0
7632,3.7,7.4,80.0,65.0
7633,3.9,6.7,91.0,76.0
7634,3.9,6.7,91.0,76.0
7635,2.4,5.7,37.0,50.0
7636,1.9,5.8,16.0,39.0
7639,7.6,6.3,73.0,60.0
7642,4.3,8.1,95.0,84.0
7643,3.8,7.7,78.0,73.0
7644,2.4,6.5,33.0,44.0
7645,1.8,5.8,20.0,30.0
7646,1.7,5.0,17.0,34.0
7647,1.8,5.4,24.0,27.0
7648,3.7,7.8,74.0,68.0
7649,3.7,7.8,74.0,68.0
7651,1.8,5.0,16.0,42.0
7655,2.2,5.8,29.0,46.0
7656,3.2,6.6,66.0,60.0
7657,3.6,8.0,76.0,62.0
7660,4.3,6.5,78.0,61.0
7664,3.1,6.9,58.0,58.0
7665,2.8,6.4,52.0,52.0
7666,7.7,7.2,95.0,67.0
7668,3.4,5.6,83.0,63.0
7669,2.8,6.9,49.0,52.0
7671,2.8,6.6,47.0,53.0
7674,3.6,6.6,80.0,68.0
7677,4.2,7.1,93.0,85.0
7678,1.8,5.6,20.0,30.0
7681,2.5,5.5,43.0,55.0
7685,2.8,6.8,59.0,42.0
7686,3.0,6.1,65.0,57.0
7689,2.9,6.2,57.0,58.0
7690,3.3,7.3,68.0,55.0
7691,3.7,7.2,84.0,68.0
7692,4.0,7.5,90.0,76.0
7693,3.3,6.6,68.0,64.0
7694,3.3,6.6,69.0,65.0
7696,4.2,8.3,93.0,77.0
7697,3.7,7.6,89.0,58.0
7698,2.2,5.1,47.0,35.0
7699,4.5,7.5,97.0,95.0
7701,1.7,5.4,13.0,35.0
7702,3.2,6.8,66.0,60.0
7703,3.7,7.1,83.0,67.0
7706,4.0,8.0,89.0,73.0
7707,3.8,6.6,85.0,77.0
7708,3.8,7.6,81.0,73.0
7711,2.7,6.7,53.0,44.0
7712,2.4,5.9,38.0,44.0
7713,3.2,6.7,67.0,61.0
7714,5.5,6.5,88.0,72.0
7715,3.2,6.0,73.0,58.0
7716,3.5,7.0,72.0,66.0
7717,3.5,6.4,79.0,66.0
7719,3.1,6.6,62.0,61.0
7721,2.3,5.8,33.0,46.0
7722,2.3,5.8,33.0,46.0
7729,3.0,7.1,59.0,51.0
7730,2.9,6.5,58.0,52.0
7731,3.0,6.4,57.0,62.0
7732,2.8,6.5,51.0,52.0
7733,3.6,8.5,75.0,57.0
7734,2.1,5.6,33.0,39.0
7735,2.0,5.9,19.0,45.0
7736,3.0,6.4,56.0,58.0
7737,2.0,6.2,20.0,36.0
7742,3.8,6.6,89.0,74.0
7743,4.5,7.9,95.0,94.0
7745,4.3,8.0,96.0,85.0
7746,7.2,6.4,56.0,50.0
7747,2.8,6.4,52.0,54.0
7748,2.8,6.4,52.0,54.0
7752,2.6,6.8,40.0,50.0
7755,3.5,7.0,73.0,68.0
7757,2.0,6.4,23.0,36.0
7758,2.7,6.2,48.0,53.0
7762,2.8,7.4,49.0,48.0
7765,3.7,7.3,89.0,60.0
7766,3.1,6.2,66.0,61.0
7767,2.7,6.1,45.0,55.0
7768,1.7,5.3,15.0,36.0
7771,4.1,7.0,92.0,86.0
7772,6.3,5.9,70.0,60.0
7774,4.3,7.8,98.0,82.0
7775,3.7,7.0,80.0,73.0
7776,3.9,6.7,90.0,75.0
7779,3.4,7.2,71.0,62.0
7786,2.9,7.0,51.0,56.0
7787,4.4,8.0,94.0,88.0
7791,1.9,5.5,24.0,35.0
7793,3.4,7.6,65.0,61.0
7797,3.8,6.7,89.0,70.0
7798,2.6,6.8,35.0,52.0
7799,7.3,6.4,70.0,50.0
7801,5.4,6.2,83.0,71.0
7802,1.1,4.0,5.0,20.0
7805,4.1,7.3,92.0,83.0
7806,2.7,7.0,52.0,43.0
7809,1.5,4.0,15.0,35.0
7811,4.0,6.8,59.0,51.0
7812,2.5,6.5,43.0,42.0
7816,4.4,6.9,73.0,65.0
7817,4.8,5.6,53.0,31.0
7824,3.3,7.7,66.0,55.0
7825,7.9,6.0,74.0,60.0
7827,5.7,5.6,62.0,47.0
7828,3.0,6.3,61.0,54.0
7834,1.9,6.0,18.0,34.0
7835,3.7,6.6,40.0,40.0
7839,2.7,6.3,40.0,57.0
7842,1.7,5.8,17.0,30.0
7848,6.7,6.3,78.0,44.0
7849,1.2,4.2,5.0,22.0
7854,4.0,7.3,90.0,75.0
7855,4.3,7.7,96.0,83.0
7856,3.6,6.6,84.0,65.0
7857,2.8,6.0,56.0,55.0
7863,5.1,6.8,38.0,51.0
7867,3.2,7.2,62.0,60.0
7869,4.1,7.5,90.0,83.0
7871,3.3,6.3,74.0,63.0
7872,3.6,7.3,83.0,63.0
7879,4.0,7.7,93.0,70.0
7880,3.8,5.5,65.0,67.0
7882,4.4,8.4,92.0,89.0
7883,4.0,7.2,87.0,82.0
7884,3.4,5.1,56.0,52.0
7885,1.7,6.3,14.0,24.0
7886,3.0,6.8,70.0,44.0
7887,2.2,7.1,31.0,33.0
7888,1.6,5.4,10.0,34.0
7889,3.5,7.1,79.0,61.0
7890,2.4,6.4,31.0,48.0
7893,4.5,8.8,91.0,92.0
7894,4.6,8.9,93.0,94.0
7895,4.5,8.7,95.0,87.0
7896,2.6,6.3,49.0,44.0
7898,3.5,7.3,76.0,63.0
7902,2.2,5.8,29.0,44.0
7903,2.4,6.7,32.0,42.0
7905,6.9,6.1,82.0,76.0
7906,8.0,6.6,79.0,65.0
7908,2.1,6.5,20.0,39.0
7909,4.2,7.8,97.0,76.0
7912,2.4,7.0,29.0,46.0
7917,6.3,7.3,93.0,82.0
7921,3.3,7.3,68.0,56.0
7924,3.1,6.4,64.0,58.0
7925,3.2,7.2,63.0,56.0
7926,2.6,5.4,51.0,51.0
7928,3.7,6.6,80.0,76.0
7931,4.2,8.0,91.0,80.0
7932,3.4,6.9,77.0,56.0
7933,3.5,6.7,82.0,63.0
7936,4.0,7.2,84.0,86.0
7939,4.1,8.7,88.0,73.0
7940,3.4,7.2,73.0,62.0
7941,2.5,6.8,35.0,47.0
7942,3.2,6.8,65.0,57.0
7944,2.8,6.6,53.0,49.0
7946,1.8,5.3,17.0,38.0
7947,2.5,5.6,45.0,46.0
7950,2.8,6.2,51.0,54.0
7953,4.5,6.0,74.0,60.0
7956,4.6,6.2,95.0,69.0
7958,4.0,6.9,92.0,79.0
7963,6.9,6.9,79.0,80.0
7968,5.3,6.5,51.0,44.0
7972,3.7,6.6,86.0,69.0
7976,3.3,7.1,71.0,58.0
7978,2.7,6.4,50.0,49.0
7979,6.7,5.5,33.0,51.0
7980,2.4,6.1,30.0,52.0
7982,1.8,5.9,13.0,33.0
7984,2.8,6.4,52.0,52.0
7986,3.9,7.8,83.0,75.0
7987,2.5,6.4,38.0,48.0
7989,3.3,7.0,70.0,58.0
7990,1.7,5.4,16.0,34.0
7991,3.0,7.0,61.0,48.0
7992,2.7,6.4,47.0,48.0
7993,1.6,5.2,12.0,31.0
7994,4.0,7.1,95.0,75.0
7996,4.0,6.9,95.0,77.0
8000,4.0,7.6,88.0,76.0
8001,3.2,6.9,56.0,65.0
8002,3.6,7.5,82.0,61.0
8005,2.5,6.0,41.0,51.0
8006,3.3,7.4,80.0,46.0
8012,7.0,5.7,63.0,55.0
8013,3.3,6.7,62.0,69.0
8014,1.5,4.5,7.0,36.0
8016,2.9,7.3,51.0,52.0
8017,3.9,7.4,91.0,70.0
8019,3.8,7.0,91.0,69.0
8020,6.9,7.6,90.0,65.0
8022,3.9,7.3,86.0,77.0
8023,2.6,6.7,44.0,44.0
8024,3.1,7.8,53.0,53.0
8025,2.1,5.3,25.0,46.0
8026,1.8,5.7,12.0,37.0
8027,3.0,5.6,64.0,62.0
8028,1.8,4.4,26.0,38.0
8031,5.8,5.5,63.0,58.0
8032,5.8,5.5,63.0,58.0
8039,2.1,5.5,26.0,43.0
8040,3.6,7.1,82.0,66.0
8042,3.5,6.3,80.0,70.0
8045,3.9,7.4,87.0,74.0
8047,5.8,6.9,83.0,65.0
8048,2.7,6.7,43.0,50.0
8049,3.5,6.7,78.0,64.0
8050,6.6,5.2,75.0,65.0
8052,2.2,5.3,37.0,41.0
8053,5.7,6.8,84.0,78.0
8054,2.1,6.0,26.0,39.0
8055,3.9,7.6,83.0,74.0
8056,1.8,6.6,19.0,26.0
8057,5.7,5.5,56.0,47.0
8060,3.6,6.8,80.0,67.0
8061,1.8,6.3,17.0,30.0
8062,2.9,7.1,63.0,41.0
8063,3.5,6.1,82.0,65.0
8066,3.0,5.8,66.0,54.0
8069,3.6,7.5,74.0,69.0
8073,3.3,7.2,62.0,63.0
8074,4.0,7.6,95.0,70.0
8075,3.8,7.1,87.0,67.0
8076,2.8,6.6,53.0,50.0
8078,6.2,7.1,85.0,61.0
8079,4.0,7.3,88.0,79.0
8082,1.5,5.5,6.0,27.0
8085,3.9,8.0,85.0,67.0
8087,2.4,7.2,33.0,40.0
8092,4.4,8.5,95.0,85.0
8093,3.8,7.5,73.0,79.0
8096,3.8,6.7,86.0,73.0
8100,3.7,7.3,78.0,68.0
8106,3.0,6.6,56.0,61.0
8108,3.6,5.9,66.0,65.0
8109,2.4,5.9,39.0,45.0
8110,1.8,5.2,18.0,37.0
8111,4.0,7.2,88.0,83.0
8115,3.8,8.5,76.0,66.0
8117,1.1,4.6,0.0,19.0
8118,3.6,7.1,80.0,64.0
8122,3.8,7.1,85.0,73.0
8124,7.0,6.5,85.0,78.0
8130,3.9,7.3,88.0,75.0
8131,2.3,7.3,41.0,27.0
8136,2.9,7.1,53.0,52.0
8138,2.1,6.4,28.0,33.0
8139,2.8,6.4,57.0,50.0
8140,3.5,8.0,67.0,64.0
8141,1.4,4.6,14.0,24.0
8142,3.7,6.2,85.0,70.0
8143,8.8,7.3,96.0,78.0
8145,4.3,7.3,96.0,91.0
8146,2.9,6.4,59.0,49.0
8148,7.3,6.2,72.0,59.0
8149,3.9,7.6,86.0,73.0
8150,3.9,8.0,81.0,71.0
8151,3.3,7.1,66.0,59.0
8153,3.8,7.2,82.0,72.0
8155,2.2,6.4,22.0,44.0
8156,3.3,7.6,63.0,58.0
8161,3.0,6.9,57.0,54.0
8162,4.3,7.8,95.0,86.0
8165,2.3,6.2,36.0,42.0
8166,2.3,6.6,41.0,30.0
8173,3.9,8.0,78.0,76.0
8174,3.0,6.2,66.0,51.0
8175,2.1,5.3,28.0,45.0
8177,4.4,7.4,97.0,92.0
8178,1.1,4.8,0.0,18.0
8180,3.3,7.1,71.0,57.0
8181,2.0,5.4,20.0,44.0
8184,2.0,6.0,21.0,38.0
8185,3.2,6.3,74.0,57.0
8186,4.0,7.8,89.0,71.0
8192,1.2,3.7,24.0,9.0
8193,1.2,4.8,3.0,23.0
8197,2.5,5.9,48.0,44.0
8198,3.3,6.5,69.0,65.0
8199,3.2,6.7,69.0,59.0
8202,4.3,7.8,96.0,85.0
8204,3.4,6.7,73.0,64.0
8205,3.8,7.0,91.0,67.0
8208,3.5,6.8,73.0,71.0
8209,2.3,5.5,41.0,45.0
8213,3.9,7.3,88.0,74.0
8214,3.1,7.3,59.0,57.0
8216,3.0,6.5,60.0,55.0
8217,3.0,7.3,51.0,54.0
8218,2.6,6.5,57.0,36.0
8220,4.2,7.6,95.0,80.0
8222,5.0,7.1,83.0,69.0
8225,1.9,6.3,21.0,32.0
8226,2.4,6.1,35.0,50.0
8227,3.3,6.3,78.0,59.0
8229,4.2,7.3,92.0,87.0
8230,4.4,9.3,91.0,80.0
8231,3.9,8.4,84.0,66.0
8233,7.8,7.4,84.0,51.0
8236,2.7,6.4,44.0,53.0
8238,2.9,6.1,60.0,54.0
8246,3.5,6.5,77.0,66.0
8247,3.2,6.2,65.0,63.0
8248,3.9,7.0,87.0,78.0
8249,2.0,5.7,22.0,39.0
8250,3.8,7.6,81.0,70.0
8254,1.8,5.4,21.0,30.0
8255,1.7,5.3,14.0,34.0
8257,1.4,5.1,7.0,23.0
8259,4.5,7.7,96.0,95.0
8261,5.6,7.5,89.0,78.0
8263,3.5,6.7,80.0,63.0
8268,1.9,6.4,16.0,33.0
8272,3.5,6.5,81.0,62.0
8274,3.4,6.0,81.0,62.0
8275,3.4,7.1,68.0,66.0
8276,2.9,6.6,52.0,59.0
8277,7.2,7.3,100.0,69.0
8278,1.6,5.5,12.0,27.0
8279,2.7,6.0,49.0,52.0
8281,5.1,8.1,100.0,84.0
8282,4.1,7.3,92.0,82.0
8285,3.7,6.9,84.0,67.0
8288,1.7,5.6,11.0,33.0
8289,2.0,5.3,26.0,42.0
8295,2.3,5.2,39.0,48.0
8298,2.8,6.4,60.0,45.0
8299,4.6,5.9,52.0,52.0
8301,5.8,6.9,78.0,63.0
8303,2.6,6.1,46.0,48.0
8304,1.8,5.2,26.0,32.0
8307,2.7,6.1,52.0,52.0
8308,2.8,6.4,51.0,55.0
8309,2.8,6.1,57.0,53.0
8311,2.5,5.9,41.0,52.0
8313,6.7,5.7,32.0,54.0
8319,7.8,5.8,71.0,66.0
8320,3.2,7.4,61.0,55.0
8321,3.2,7.4,61.0,55.0
8324,4.0,7.5,89.0,78.0
8325,2.3,6.2,37.0,38.0
8326,1.7,5.8,13.0,30.0
8327,3.8,7.7,80.0,72.0
8329,3.9,6.8,67.0,75.0
8330,3.9,7.6,80.0,78.0
8331,2.4,6.2,34.0,49.0
8334,2.3,7.1,30.0,36.0
8337,2.0,5.7,26.0,35.0
8338,8.0,6.0,78.0,66.0
8339,2.2,6.0,29.0,42.0
8342,1.6,4.8,17.0,33.0
8344,2.9,5.8,56.0,61.0
8345,1.9,6.0,20.0,37.0
8348,3.5,7.0,69.0,69.0
8349,4.0,7.5,92.0,74.0
8352,2.9,6.8,54.0,51.0
8353,1.7,5.2,16.0,32.0
8359,6.1,6.6,72.0,58.0
8366,4.4,8.1,95.0,90.0
8367,2.9,5.4,63.0,58.0
8371,1.8,5.4,21.0,30.0
8374,2.0,4.9,25.0,45.0
8375,2.6,5.5,49.0,52.0
8376,2.6,5.0,48.0,58.0
8377,2.0,4.7,28.0,44.0
8380,4.0,7.6,89.0,75.0
8381,1.8,6.4,14.0,28.0
8385,4.4,7.8,99.0,86.0
8386,3.4,6.5,67.0,38.0
8387,1.5,4.8,10.0,30.0
8391,2.3,6.3,32.0,43.0
8394,6.7,7.1,82.0,69.0
8398,4.0,7.9,83.0,79.0
8399,4.2,8.5,89.0,77.0
8406,7.4,5.5,92.0,66.0
8407,3.6,6.7,85.0,64.0
8412,3.1,6.2,68.0,55.0
8413,3.3,6.4,75.0,58.0
8414,3.8,7.3,83.0,70.0
8416,3.1,6.0,70.0,57.0
8418,3.9,6.9,85.0,79.0
8419,3.9,7.1,83.0,78.0
8420,3.9,7.6,90.0,65.0
8421,1.8,5.7,16.0,36.0
8422,3.0,7.0,62.0,50.0
8427,3.5,7.3,74.0,66.0
8428,4.1,7.9,93.0,71.0
8430,3.8,7.4,84.0,68.0
8432,1.8,6.2,11.0,32.0
8436,2.2,6.6,29.0,35.0
8437,3.3,6.8,69.0,59.0
8439,2.0,5.2,27.0,41.0
8440,3.4,7.1,75.0,59.0
8442,5.6,6.6,67.0,61.0
8446,2.6,6.7,44.0,47.0
8447,2.3,6.2,32.0,46.0
8449,3.7,6.4,91.0,68.0
8451,4.1,7.8,88.0,83.0
8455,4.0,6.9,90.0,83.0
8459,4.0,6.9,93.0,78.0
8460,4.5,8.0,98.0,92.0
8462,3.9,8.2,79.0,75.0
8463,2.2,5.8,34.0,43.0
8465,3.2,6.4,67.0,62.0
8466,1.9,4.8,23.0,42.0
8468,1.5,5.0,14.0,27.0
8471,2.2,7.0,24.0,37.0
8476,4.0,7.0,89.0,81.0
8479,2.2,6.0,36.0,39.0
8480,4.3,7.9,98.0,80.0
8481,3.2,5.8,75.0,61.0
8484,2.3,5.9,31.0,47.0
8490,3.5,7.3,76.0,64.0
8491,3.2,7.0,64.0,57.0
8492,3.9,6.8,90.0,76.0
8493,4.0,7.0,93.0,74.0
8494,6.4,5.3,59.0,57.0
8499,4.4,8.2,91.0,93.0
8500,3.7,7.1,83.0,69.0
8503,4.6,8.3,99.0,91.0
8509,2.8,6.5,54.0,51.0
8511,2.1,6.3,25.0,38.0
8512,3.7,7.1,80.0,73.0
8513,3.6,6.8,81.0,70.0
8515,3.7,6.3,55.0,63.0
8517,8.2,6.4,97.0,85.0
8518,2.9,6.2,51.0,59.0
8520,3.6,6.6,83.0,67.0
8522,2.6,6.6,44.0,44.0
8523,2.0,6.3,26.0,31.0
8533,3.1,6.9,66.0,54.0
8534,3.8,6.7,87.0,75.0
8540,4.3,8.1,90.0,88.0
8543,4.2,7.6,97.0,81.0
8547,4.9,6.2,73.0,47.0
8549,3.8,6.7,86.0,75.0
8552,3.2,7.0,67.0,55.0
8556,4.5,7.8,97.0,94.0
8565,6.1,6.9,64.0,60.0
8567,7.6,7.1,98.0,72.0
8568,7.0,7.4,97.0,88.0
8570,2.8,6.3,58.0,46.0
8575,4.5,7.2,75.0,52.0
8576,4.0,7.1,83.0,85.0
8579,4.0,7.8,89.0,75.0
8588,2.7,6.3,46.0,54.0
8590,3.4,6.8,72.0,64.0
8612,6.4,6.5,55.0,58.0
8613,3.6,7.0,77.0,67.0
8621,2.7,6.3,51.0,48.0
8623,3.0,6.2,64.0,54.0
8626,9.0,7.4,97.0,82.0
8629,5.7,6.7,45.0,51.0
8641,2.9,6.9,54.0,50.0
8645,1.8,4.1,23.0,41.0
8646,6.1,6.7,74.0,58.0
8648,2.3,6.3,31.0,43.0
8649,3.6,7.5,82.0,57.0
8652,6.9,5.9,59.0,65.0
8654,3.1,6.2,68.0,59.0
8660,4.2,7.6,93.0,86.0
8662,2.1,6.0,27.0,37.0
8670,2.8,7.2,57.0,38.0
8672,4.0,7.6,94.0,72.0
8673,3.6,7.7,73.0,69.0
8674,4.2,8.1,91.0,83.0
8675,3.7,6.2,84.0,75.0
8678,2.1,6.3,19.0,42.0
8681,3.1,7.0,58.0,61.0
8684,1.7,5.6,17.0,32.0
8686,2.3,6.2,35.0,42.0
8687,1.9,6.0,20.0,35.0
8688,1.6,5.2,15.0,27.0
8691,2.5,6.1,40.0,51.0
8693,3.1,7.2,66.0,50.0
8705,6.2,6.9,61.0,51.0
8715,3.3,6.4,71.0,61.0
8716,2.8,6.3,54.0,52.0
8717,3.2,5.6,69.0,60.0
8721,4.2,7.6,87.0,88.0
8722,4.4,7.9,98.0,85.0
8723,4.7,8.1,100.0,100.0
8724,3.5,7.0,81.0,61.0
8726,3.2,6.5,75.0,55.0
8727,3.0,6.1,70.0,51.0
8728,8.8,7.3,96.0,80.0
8729,2.9,6.8,51.0,58.0
8730,3.0,7.3,54.0,56.0
8731,3.0,7.3,54.0,56.0
8733,4.2,7.6,95.0,80.0
8734,4.6,6.0,79.0,75.0
8735,3.4,7.2,71.0,63.0
8736,1.6,5.9,0.0,37.0
8737,3.9,7.9,93.0,59.0
8738,2.6,6.3,45.0,50.0
8745,3.5,7.5,74.0,60.0
8746,8.3,7.5,84.0,71.0
8748,3.5,6.9,79.0,60.0
8749,1.7,5.2,16.0,35.0
8750,3.7,7.2,82.0,70.0
8755,3.8,7.5,85.0,65.0
8756,6.6,6.9,74.0,81.0
8757,1.8,6.2,10.0,38.0
8758,3.9,7.0,87.0,75.0
8763,3.1,6.4,67.0,58.0
8766,1.8,5.4,18.0,36.0
8775,2.1,7.4,17.0,34.0
8777,2.6,5.2,49.0,56.0
8780,3.0,7.3,64.0,45.0
8783,1.3,5.3,1.0,26.0
8784,3.2,6.4,59.0,68.0
8786,3.5,7.1,78.0,63.0
8790,2.5,6.4,38.0,45.0
8791,2.4,6.1,42.0,42.0
8795,2.3,6.6,25.0,47.0
8796,3.2,6.6,67.0,62.0
8823,1.2,4.5,8.0,18.0
8827,3.5,6.2,76.0,62.0
8829,2.1,5.3,29.0,43.0
8836,3.0,7.2,51.0,59.0
8839,3.0,7.0,61.0,51.0
8842,4.3,7.4,92.0,91.0
8843,5.7,7.7,96.0,71.0
8845,2.6,6.5,49.0,43.0
8847,4.2,6.9,99.0,83.0
8848,3.1,6.5,59.0,60.0
8852,5.6,6.8,64.0,50.0
8855,2.4,7.0,31.0,42.0
8856,2.1,6.4,26.0,39.0
8857,1.7,5.8,21.0,23.0
8858,2.0,6.7,17.0,36.0
8859,2.3,6.6,29.0,44.0
8860,2.8,6.2,48.0,58.0
8866,1.6,5.4,10.0,32.0
8867,4.6,7.0,65.0,57.0
8868,2.1,5.1,28.0,45.0
8869,4.4,8.2,96.0,85.0
8871,2.9,5.9,60.0,53.0
8875,2.7,5.0,56.0,58.0
8876,3.0,6.8,55.0,56.0
8877,2.2,6.3,26.0,46.0
8885,3.7,6.8,87.0,69.0
8887,3.7,6.8,87.0,69.0
8890,7.7,6.7,87.0,71.0
8891,1.8,6.2,16.0,32.0
8892,7.9,6.9,83.0,78.0
8893,4.1,7.4,90.0,83.0
8895,3.8,7.5,88.0,67.0
8900,1.9,5.6,21.0,35.0
8905,4.0,6.8,93.0,81.0
8914,1.7,5.3,17.0,30.0
8915,6.5,6.3,67.0,42.0
8917,3.6,8.2,73.0,62.0
8919,2.9,6.2,55.0,54.0
8920,2.0,6.1,27.0,34.0
8923,1.8,5.7,18.0,34.0
8925,2.7,6.5,47.0,51.0
8926,2.2,5.5,32.0,45.0
8927,3.1,7.1,62.0,56.0
8929,1.7,5.5,16.0,31.0
8932,2.4,6.2,41.0,42.0
8936,1.8,6.4,18.0,26.0
8937,2.6,6.9,42.0,45.0
8938,2.7,6.2,50.0,53.0
8939,2.3,6.6,34.0,40.0
8943,3.0,5.7,61.0,61.0
8945,3.2,7.0,58.0,65.0
8947,2.2,6.7,30.0,35.0
8955,5.6,6.1,81.0,72.0
8957,3.3,7.2,65.0,61.0
8958,1.1,4.2,4.0,17.0
8959,3.7,7.1,81.0,70.0
8961,3.3,6.0,100.0,36.0
8962,3.9,7.6,82.0,77.0
8971,5.2,7.0,64.0,39.0
8983,4.6,8.2,100.0,95.0
8987,8.0,6.2,86.0,65.0
8989,3.2,5.8,72.0,64.0
8993,2.2,5.2,38.0,42.0
8997,4.2,7.6,91.0,84.0
8999,3.1,5.9,61.0,67.0
9001,5.9,6.2,79.0,59.0
9002,7.2,6.3,57.0,52.0
9004,1.9,6.3,12.0,37.0
9007,4.2,7.5,99.0,81.0
9010,4.1,7.5,90.0,81.0
9013,3.3,6.3,72.0,62.0
9017,1.6,6.0,12.0,25.0
9018,3.9,7.8,82.0,72.0
9020,2.2,6.3,26.0,44.0
9021,1.9,5.2,23.0,37.0
9026,3.5,7.4,79.0,56.0
9034,3.4,6.7,72.0,64.0
9038,4.2,7.4,94.0,82.0
9039,3.6,7.2,74.0,72.0
9040,2.7,6.0,48.0,56.0
9041,3.5,6.5,75.0,73.0
9042,2.8,5.8,61.0,50.0
9043,2.1,6.5,34.0,26.0
9045,3.5,6.8,81.0,60.0
9046,3.9,8.2,83.0,71.0
9048,6.0,6.3,68.0,54.0
9050,5.1,7.9,100.0,78.0
9052,3.3,7.6,65.0,56.0
9055,2.7,6.2,46.0,56.0
9057,4.0,7.6,84.0,80.0
9059,3.5,7.0,84.0,57.0
9060,3.0,6.2,60.0,60.0
9061,2.9,7.1,48.0,53.0
9062,2.9,7.1,48.0,53.0
9065,2.5,6.2,39.0,46.0
9070,5.7,5.6,87.0,63.0
9071,3.6,7.5,75.0,68.0
9073,3.1,6.8,57.0,59.0
9076,7.1,6.9,92.0,82.0
9077,3.3,7.2,63.0,65.0
9079,3.5,6.9,76.0,64.0
9089,2.1,5.5,23.0,46.0
9090,2.3,6.2,34.0,40.0
9094,1.6,4.9,22.0,25.0
9095,2.6,6.1,48.0,49.0
9102,4.2,7.7,96.0,76.0
9103,2.7,7.0,48.0,44.0
9107,8.4,7.5,94.0,80.0
9111,3.8,5.8,91.0,77.0
9113,2.2,5.8,35.0,41.0
9122,2.8,7.1,54.0,44.0
9123,2.9,6.9,58.0,47.0
9124,4.0,7.6,89.0,75.0
9128,3.3,6.8,74.0,59.0
9130,5.0,5.7,82.0,66.0
9131,2.7,6.6,47.0,51.0
9132,2.4,5.3,42.0,49.0
9135,6.9,6.6,86.0,69.0
9136,6.0,6.8,50.0,47.0
9137,2.0,5.7,23.0,41.0
9141,2.7,6.4,54.0,47.0
9144,2.8,7.1,50.0,45.0
9145,4.0,7.8,90.0,73.0
9146,2.7,6.4,54.0,47.0
9147,1.7,5.5,10.0,37.0
9148,2.7,6.4,54.0,47.0
9151,3.6,6.4,88.0,66.0
9154,1.4,5.1,9.0,27.0
9157,7.8,6.2,69.0,67.0
9161,4.0,7.7,91.0,72.0
9164,2.1,6.7,20.0,41.0
9167,2.4,6.4,43.0,36.0
9170,3.5,6.7,73.0,71.0
9175,3.2,6.6,68.0,57.0
9178,4.1,7.9,94.0,75.0
9181,3.0,6.5,57.0,59.0
9182,1.9,5.6,15.0,41.0
9183,3.5,7.6,77.0,56.0
9186,3.4,5.7,71.0,65.0
9188,2.8,6.4,51.0,52.0
9190,3.5,6.8,76.0,65.0
9194,7.6,5.8,56.0,60.0
9201,2.9,6.6,52.0,59.0
9202,2.9,6.6,52.0,59.0
9203,2.9,6.6,52.0,59.0
9204,8.2,5.4,98.0,79.0
9206,2.7,5.9,48.0,54.0
9207,2.3,6.2,39.0,39.0
9208,4.1,6.9,91.0,84.0
9209,3.9,7.1,88.0,76.0
9216,4.1,7.2,92.0,80.0
9217,2.4,6.8,33.0,41.0
9218,3.0,6.5,62.0,52.0
9220,1.8,5.0,17.0,38.0
9223,4.0,6.8,93.0,80.0
9224,3.0,5.5,70.0,58.0
9227,3.9,7.8,90.0,67.0
9228,3.0,6.3,61.0,59.0
9229,2.7,5.6,54.0,52.0
9230,4.6,6.2,85.0,77.0
9232,1.6,5.5,13.0,28.0
9233,6.6,6.4,50.0,57.0
9234,4.0,7.7,88.0,73.0
9235,2.9,5.4,66.0,56.0
9240,4.2,8.4,88.0,79.0
9242,4.2,7.1,94.0,90.0
9243,1.8,6.2,13.0,31.0
9246,2.6,6.7,47.0,43.0
9248,5.6,5.9,72.0,60.0
9254,1.7,5.9,14.0,29.0
9258,2.6,6.1,50.0,44.0
9260,5.4,6.7,67.0,58.0
9262,3.0,7.3,57.0,51.0
9263,4.1,7.4,93.0,76.0
9264,4.2,7.6,90.0,85.0
9266,3.9,8.0,85.0,66.0
9267,2.3,5.9,34.0,45.0
9268,2.3,6.2,32.0,45.0
9269,4.1,7.4,93.0,76.0
9272,3.6,6.2,68.0,71.0
9273,4.4,8.4,97.0,85.0
9281,3.2,5.9,67.0,66.0
9284,3.3,7.0,66.0,63.0
9286,3.3,7.0,66.0,63.0
9287,3.3,7.0,66.0,63.0
9290,2.3,5.7,59.0,20.0
9291,2.3,4.0,49.0,51.0
9292,2.0,5.7,26.0,37.0
9295,2.2,6.1,40.0,32.0
9297,3.6,6.0,68.0,70.0
9299,2.7,6.7,46.0,47.0
9302,2.8,6.9,47.0,52.0
9304,2.6,5.9,48.0,48.0
9305,1.7,4.5,17.0,37.0
9306,2.3,5.2,44.0,42.0
9307,3.7,7.1,85.0,67.0
9314,1.6,4.9,14.0,34.0
9319,2.7,6.8,46.0,46.0
9320,3.9,6.1,93.0,71.0
9321,3.1,6.8,64.0,55.0
9324,1.6,4.6,12.0,35.0
9338,2.4,5.5,37.0,54.0
9345,4.0,6.8,89.0,84.0
9346,2.7,6.3,46.0,51.0
9348,3.5,6.2,80.0,71.0
9349,3.4,6.7,73.0,63.0
9355,1.9,5.5,27.0,31.0
9357,4.4,8.4,98.0,79.0
9363,3.5,6.6,79.0,66.0
9364,2.9,7.3,48.0,56.0
9368,3.2,6.7,70.0,57.0
9379,4.3,7.4,76.0,63.0
9380,2.6,6.3,44.0,51.0
9385,3.1,6.5,65.0,56.0
9388,7.7,7.0,75.0,64.0
9389,3.4,6.2,76.0,67.0
9390,6.9,7.6,73.0,66.0
9392,4.3,7.4,91.0,95.0
9400,4.1,7.7,89.0,78.0
9404,2.7,4.8,70.0,44.0
9405,4.0,7.6,89.0,73.0
9406,3.2,6.7,68.0,55.0
9410,1.6,5.2,14.0,30.0
9411,3.1,6.5,63.0,61.0
9412,1.2,4.4,4.0,26.0
9418,1.7,5.2,23.0,24.0
9419,4.2,8.5,93.0,75.0
9420,4.5,8.2,98.0,92.0
